time,open,high,low,close,Plot,Volume
1608820200,301.35158708,302.86581848,301.2734332,302.41643368,32.63344375990161,16784997
1609165800,305.04435785,305.94312746,303.19797247,305.46443495,32.65321257422459,22497745
1609252200,306.80282012,307.42316653,304.82943468,305.73797352,32.6587438027045,25871925
1609338600,306.9102817,307.23266645,305.12251173,305.74774276,32.72274268171,18138071
1609425000,305.65005041,306.98843558,304.56566534,306.49997384,32.77857347767039,21611412
1609770600,307.83835901,308.01420524,298.13750882,302.17220281,32.74141115966468,45305898
1609857000,301.17574085,304.93689627,301.17574085,304.66335769,32.80532866401346,29323409
1609943400,299.91550956,304.68289616,298.91904761,300.44304824,32.8932907202809,52809622
1610029800,303.11981859,308.55151316,303.09051088,307.71135896,32.78468404162236,30394826
1610116200,310.01689838,312.01959153,307.810419,311.66789907,32.638851701960284,33955847
1610375400,308.68828245,309.87035986,306.50974308,307.16428181,32.60662465752913,32869095
1610461800,307.20335875,308.29751305,304.01858819,306.67582007,32.50110703518475,29266762
1610548200,306.93958941,309.54797511,306.33389685,308.74689785,32.64921683181155,22898417
1610634600,309.19628266,310.20251385,306.61876774,307.09589717,32.67636522909604,23500129
1610721000,306.880974,307.84812825,303.41289563,304.66335769,32.702133175050115,35118718
1611066600,306.99820482,309.61635976,305.89428128,309.10835954,32.62858347438906,24537049
1611153000,312.75228414,317.24613216,309.20507497,316.29851639,32.66862585000619,30728096
1611239400,317.64667079,319.58097929,316.25943945,318.82874821,32.75489068541762,25316935
1611325800,317.78344008,318.92644056,317.21682446,317.91044013,32.80579807086779,21609444
1611585000,321.31990309,322.6973652,313.99297696,320.53836431,32.74376921439543,39080644
1611671400,321.26128768,322.15028805,319.6689024,321.00728758,32.71611061741911,25498112
1611757800,318.73105586,318.74082509,310.03643685,312.05866847,32.783516643209765,55263985
1611844200,313.27005359,318.88736362,312.64482256,313.90505385,32.65906993355186,42836324
1611930600,312.20520699,313.31821591,305.54258883,307.3010511,32.68561818402106,55259018
1612189800,310.76912947,316.07382398,308.72735938,314.97966968,32.82962915362433,35646008
1612276200,317.96905554,321.28082615,317.80297855,320.11828721,32.71749042511606,33930844
1612362600,322.20890346,322.57524977,318.78967127,318.84828668,32.728228090915444,24824518
1612449000,320.2550565,322.70713444,318.92644056,322.61921133,32.751975623121666,22350947
1612535400,323.57659634,324.73180836,321.92559565,323.71336563,32.6343047796901,22731960
1612794600,325.41321249,326.03844352,323.7622118,325.88213576,32.77339088940231,20462812
1612881000,324.94428922,327.08375165,324.93451998,325.81375112,32.804298448204506,17597478
1612967400,327.25959787,327.71875191,321.89628795,325.07128927,32.934533540261285,28068700
1613053800,326.61482838,327.26936711,324.45582748,326.85905925,32.96682640043062,22046071
1613140200,326.00913582,328.85198315,324.95405845,328.68590616,32.9745799888927,20346819
1613485800,329.48698342,330.38575302,326.62459761,327.79690579,32.97557900984998,27080777
1613572200,324.7977507,327.91120584,322.55082668,326.22405898,32.906870442099525,31467456
1613658600,322.60944209,326.16163357,320.78259518,324.7977507,33.01427159919638,32236240
1613745000,326.15567434,326.28267439,322.35544199,323.38121164,33.047331855035694,39157677
1614004200,318.9655175,320.23551803,314.79405422,314.99920815,33.14754643078439,47256944
1614090600,309.6847444,315.74167,303.8232035,314.06136161,33.18455457253065,97241936
1614177000,311.38459126,316.96282435,308.66874398,316.65020884,33.174218847499766,58206272
1614263400,313.97343849,316.55251649,304.05766513,305.61097347,33.242365617142866,110182582
1614349800,308.56128239,311.74605295,303.70597268,306.89074324,33.16061576558188,104739841
1614609000,311.90236071,316.46459338,310.59816786,316.12267016,32.97021652433644,49164518
1614695400,316.76743966,316.84559354,310.79843717,311.05243728,32.96121370938574,48370034
1614781800,309.94851374,310.89612952,301.96704888,302.02566429,32.991523467342745,86301073
1614868200,301.65443336,304.83920392,293.18450676,297.08243146,33.04251169249589,139131582
1614954600,299.71524025,302.46430293,290.58589029,301.55674101,32.87472847122905,121523726
1615213800,301.00966386,302.90489542,292.59835267,293.01842976,32.78901054192783,88409781
1615300200,300.3746636,306.49020461,299.83735568,304.57543458,32.644070817893386,80391114
1615386600,308.86412867,309.16697495,303.012357,303.70597268,32.76535986101573,76798065
1615473000,308.48312851,312.47874556,307.58435891,310.70074482,32.915294771213944,53484804
1615559400,306.61720466,310.88655567,304.20518058,308.18028223,32.99038479780581,69315601
1615815000,308.50266698,311.63859137,306.84678168,311.47251437,32.92526302452202,43123176
1615901400,313.68036145,316.71859348,311.73628372,313.18213047,32.91579120050492,54925896
1615987800,310.12435997,316.37667026,308.3952054,314.47166947,32.90448184342505,78258729
1616074200,309.55774435,310.54453476,304.38004988,304.83920392,33.19689727470856,82942269
1616160600,304.67312693,307.46712809,302.51422372,305.91381975,33.09407007896652,78446204
1616419800,308.32466068,313.73386526,308.32466068,311.65039225,33.11763106266569,56194755
1616506200,312.74592735,314.07621998,309.46421282,310.29075493,33.14633776473562,53455411
1616592600,311.66995537,311.70908163,304.91089505,305.0576185,33.044167262754335,64803729
1616679000,303.19716514,306.05044719,300.67538027,304.52941407,33.2133478430065,78729008
1616765400,304.31421968,309.42019579,302.90567455,309.09740419,33.1506667309251,63519634
1617024600,308.5594182,310.06577897,305.6445123,309.00937012,33.54491591680776,54607963
1617111000,307.03349431,308.03121378,304.73482691,307.45410154,33.451327807323786,44635676
1617197400,309.25390921,313.73386526,308.91155449,312.15903354,33.302450673439324,55032535
1617283800,316.01296953,317.61714593,315.75864888,317.48020405,33.34487132892579,55685602
1617629400,319.98428428,324.59140066,317.5462296,323.81865715,33.332204171821466,42172475
1617715800,323.50564712,325.55977543,322.81115611,323.59368119,33.55861161999757,33537210
1617802200,323.11438458,325.21742071,322.17535449,324.37620626,33.64334783109924,32046381
1617888600,327.25198591,327.94647691,326.44979989,327.76062721,33.631987326655846,29940799
1617975000,326.39120833,329.95169741,325.64780951,329.74628458,33.72437285073067,36664892
1618234200,328.69965729,329.73650302,327.41827249,329.31589579,33.68225060781682,25833013
1618320600,330.85160125,333.62956526,330.63640685,333.16005022,33.710733795259756,30374033
1618407000,333.4045893,333.53174963,328.33773945,329.15939077,33.77291901932001,42564337
1618493400,332.05473355,334.53925066,328.8711281,334.14798812,34.00476899948839,36342821
1618579800,334.67619255,334.75444505,332.65140892,334.53925066,34.038435901653,40860099
1618839000,332.95463738,334.11864343,329.5424368,331.47762131,34.06600417020531,34533129
1618925400,330.81247499,332.10364137,327.07748282,329.06157514,34.16350449173207,38081818
1619011800,327.77040877,332.06451511,326.67487367,331.87866541,34.139718123547404,36598082
1619098200,331.48740287,332.47534078,326.71399992,327.87800597,34.086993861574626,45936143
1619184600,328.51380759,333.32340232,328.51380759,332.00582573,34.07303571562864,36414916
1619443800,332.25036482,334.45121659,331.49718443,334.16755125,34.22719121804633,30811968
1619530200,334.46099815,334.67619255,331.76128665,332.71987986,34.195919238763764,33187183
1619616600,332.3873067,333.4045893,330.93973313,331.59500007,34.12056525410191,33615696
1619703000,334.89138694,335.31199417,329.54096956,332.7883508,34.195132558943,37708884
1619789400,330.32339682,332.82747706,329.6875952,330.60706216,34.16788842840019,38263421
1620048600,331.81997603,332.57315641,328.39642883,328.84638075,33.98654633327707,29729730
1620135000,326.27382956,326.59662116,319.08438045,322.92853487,34.110140214205536,65146972
1620221400,324.99244476,325.8630039,321.06025626,321.84278133,34.02641168917961,46219307
1620307800,321.57867912,324.42511408,319.31913797,324.26860906,34.08429011949181,46814283
1620394200,327.0661362,329.29633266,324.44604662,326.89984962,34.18051276231561,53324460
1620653400,325.51086762,325.68693576,318.43879726,318.64421009,34.37674532130379,60700462
1620739800,312.71658266,319.00603013,312.05143635,318.20403974,34.33923988230912,71963612
1620826200,313.23500552,315.57279918,309.09740419,309.96796334,34.34855609452817,91164855
1620912600,312.93177705,315.35760478,309.9777449,312.36444638,34.21200681604706,69877765
1620999000,315.55323605,320.17991555,315.04459475,319.26044859,34.22437601189553,44370015
1621258200,317.53889343,319.24293959,314.42835626,317.32369903,34.345993595529926,39394997
1621344600,318.28229225,319.51476924,314.90765287,315.18153664,34.383958735492904,36528454
1621431000,309.74298738,315.84668295,309.3908511,315.54345449,34.46020657846746,66319108
1621517400,317.04003369,322.50792765,316.81505773,321.64715007,34.44466927858443,46466135
1621603800,323.21220021,323.63280744,319.50498768,319.86690552,34.484269968979405,50330449
1621863000,322.17535449,326.38142676,319.76243842,325.24676541,34.4340594151049,32475771
1621949400,326.7726893,327.49652499,324.50825737,325.69671732,34.47377497022997,31280314
1622035800,326.3716452,327.30089372,325.6771542,326.83137868,34.46995010590252,25444932
1622122200,326.38142676,327.23242278,325.40327042,325.60868325,34.45277511110331,27931747
1622208600,326.82159712,328.239826,326.31295582,326.63574741,34.408530378930195,29927449
1622554200,327.9758216,328.45022743,324.19035656,325.54999387,34.60155107550293,31145424
1622640600,325.9706011,327.03679151,324.44956799,326.18579549,34.62294174584239,22047940
1622727000,323.32957897,324.61096378,321.10916408,322.79159299,34.71585847248109,37057825
1622813400,324.60118222,328.71745974,324.53271128,328.2692685,34.52072540368093,38736545
1623072600,327.73128251,329.30611423,327.03679151,329.24742485,34.658410795646375,32611852
1623159000,331.00321548,331.87866541,327.71171939,329.40392986,34.693724918938,27282819
1623245400,330.7831303,331.56565538,329.29731082,329.48218237,34.65225959114759,21485319
1623331800,329.82453709,333.02310833,329.37458517,332.91551113,34.73628885104172,33702067
1623418200,332.92529269,333.79585184,332.26992794,333.78607027,34.723505065095054,21222830
1623677400,334.21645906,336.99442308,333.02310833,336.98464151,34.63709618535126,27827716
1623763800,336.63250523,336.94551526,334.05995405,334.78378974,34.58959505442972,35963780
1623850200,335.25330479,336.32927676,330.07885774,333.56109432,34.65903263388762,55399538
1623936600,332.54381172,338.81379387,332.4949039,337.79651128,34.67201972928683,59722700
1624023000,336.12386393,337.27632774,334.39252721,335.14570759,34.32735532094135,55414862
1624282200,335.33842169,337.55161806,333.10563951,337.22845222,34.30337882325254,32992649
1624368600,337.02280123,340.82244809,336.71922119,340.37197449,34.33951014899011,28941626
1624455000,340.31321707,341.69401657,339.6962641,340.53845387,34.31182579661945,27188454
1624541400,342.48724182,344.18141426,341.93883918,342.64392829,34.2420240013009,32581605
1624627800,343.21191674,343.45673935,341.61567334,342.22283341,34.26374070839632,28682801
1624887000,343.51549677,346.52191839,343.45673935,346.38481773,34.496015918626654,39130305
1624973400,346.20854545,347.66759026,345.36635568,347.63830948,34.45564940580115,29426039
1625059800,347.48162301,347.87333918,346.50233258,347.08990684,34.372704048579195,32723964
1625146200,346.73736228,347.73623852,345.37614859,347.2270075,34.173657407559645,29289978
1625232600,349.13662384,351.53588539,348.90159413,351.21271955,34.35177467439857,32727244
1625578200,351.81987961,353.01461394,349.10724512,352.73061971,34.45835616909641,38842397
1625664600,354.94381608,355.24739611,351.50650667,353.47488044,34.3516080832273,35265242
1625751000,348.3727773,352.20180288,347.08011393,351.3400273,34.32392957469425,50890021
1625837400,350.75245304,354.01349017,350.16487879,353.53363786,34.39417230383497,35184534
1626096600,354.94381608,355.37470387,353.35736559,354.91443737,34.47071291959368,25717677
1626183000,354.5325141,357.89637673,354.05266179,354.91443737,34.4576752018923,39723015
1626269400,357.2745273,357.92085899,354.71857928,355.55097615,34.34027447744662,35336350
1626355800,355.46284001,355.668491,351.03644727,353.05378555,34.55625462465291,53391557
1626442200,353.91556113,354.90464446,349.84171294,350.1942575,34.614232089130994,47261961
1626701400,346.71777648,347.82437466,344.74940271,347.32493654,34.55213458827946,64404625
1626787800,348.26505535,352.81875585,346.47295387,351.35961311,34.48649091530764,42183702
1626874200,350.92872532,354.0722476,350.70348852,354.0722476,34.46600680383531,30259860
1626960600,354.27789859,356.42254463,354.27789859,356.41275173,34.532468078847295,30252240
1627047000,357.74458671,360.85383382,356.37916206,360.57473605,34.513642750075405,31960799
1627306200,359.87943984,361.25044645,359.00885065,360.85873027,34.54010482571752,28438126
1627392600,360.59432186,360.59432186,352.701241,356.88281113,34.58150437687605,57933148
1627479000,358.02858093,359.84026823,355.71745552,358.25381773,34.56966210482926,42066195
1627565400,357.68582928,360.06491745,357.68582928,358.89035651,34.66850855010154,25672533
1627651800,354.93402318,357.60748605,354.90464446,357.01991179,34.7655117159944,36484649
1627911000,358.69449843,359.28207268,356.33440849,357.0492905,34.5851353067791,27334097
1627997400,357.715208,359.3310372,354.50313539,359.21352235,34.73161791078524,35558511
1628083800,359.17435074,360.6922509,358.05795965,359.73254628,34.751576082502105,29602236
1628170200,360.55515024,362.24932268,359.84026823,362.01429298,34.783611041740905,21443925
1628256600,360.74121542,361.72050585,359.30655494,360.42784249,34.75130990453778,33332107
1628515800,360.88810899,361.62257681,359.7815108,361.09375998,34.63816999288462,25960245
1628602200,361.6127839,361.90657103,358.04816674,359.24290107,34.56622248773208,35130796
1628688600,360.51597862,361.01541674,357.28432021,358.6259481,34.52014446817752,34249812
1628775000,358.11671707,360.28094892,356.75060692,359.91861146,34.641433466307035,26003877
1628861400,360.27115602,361.51485486,359.7717179,361.18189612,34.52750621053866,19336190
1629120600,360.05571212,361.3777542,356.16792912,361.33858258,34.7213475751451,35044107
1629207000,358.56719067,359.5464811,355.70766262,358.15588869,34.73480398818826,44793902
1629293400,357.61727895,359.02745717,354.37093118,354.70878638,34.598443584685384,38541940
1629379800,352.75999842,358.10692417,352.50538291,356.42254463,34.707611486086265,48499368
1629466200,357.4997641,360.51597862,357.18639116,360.11446955,34.63954932583102,39486034
1629725400,361.16231031,366.19096666,361.1525174,365.50056691,34.6785108598798,34034744
1629811800,366.09793407,367.22411806,365.62787466,366.616958,34.7394327159775,21732913
1629898200,366.87157351,367.61583424,366.11262343,367.03805288,34.80062770049384,20441880
1629984600,366.1762773,366.86178061,364.26666097,364.70734166,34.81692344345244,29133325
1630071000,365.34388044,368.76160404,364.85423523,368.25237301,34.81884206178396,27104749
1630330200,369.04559826,372.87462384,369.02601245,372.38497863,35.05826942256602,27295665
1630416600,372.62980123,372.69737227,370.52432681,372.08139859,35.03163838055782,29628175
1630503000,373.14882516,374.78424018,372.49270057,372.69835156,35.09483389029893,28138311
1630589400,374.05956526,374.39252401,371.29796625,372.52207929,35.26397251494883,25503535
1630675800,371.36651658,374.06935816,371.34722456,373.66784909,35.32778888246978,24624937
1631021400,373.77557104,374.85083193,372.6084527,374.19666592,35.343631906688785,23970203
1631107800,374.02039364,374.02039364,370.61246295,372.89420965,35.25852886779741,32949159
1631194200,373.11944645,374.23583754,371.36651658,371.61133919,35.217838341061444,29398978
1631280600,373.33489034,374.05956526,368.45312755,368.79098275,35.30626255499551,40249405
1631539800,371.14127978,371.57216757,366.47006443,368.53636724,35.30498485216513,48741781
1631626200,370.0346816,370.76914942,366.52882186,367.48852648,35.313897881469,41826624
1631712600,367.94879298,370.57329133,365.63766757,370.22074678,35.24223273012485,34097865
1631799000,368.87911889,371.05314364,366.93522739,370.47536229,35.50729197087842,35193083
1631885400,369.99550998,370.0444745,365.04030041,366.08814117,35.324481337581595,60912267
1632144600,360.24893235,362.00380523,353.84707765,358.52347075,35.192137367875276,76203202
1632231000,360.36657746,361.57243983,357.82740385,358.96463991,35.203115488899165,41927483
1632317400,359.88619326,363.78808939,358.77679988,362.31752552,35.212402146442955,46972920
1632403800,363.48417286,366.69980585,362.83614438,365.66060738,35.07320008337243,44652002
1632490200,363.37633151,366.42530059,363.00378866,366.00373895,35.04393522735093,36056800
1632749400,362.93516235,363.96612566,360.51363385,363.08221874,35.051026563374194,43338079
1632835800,358.49405947,363.03516069,352.29808371,352.80787919,35.04136989593796,97701632
1632922200,354.08236787,356.23919488,351.59711494,352.2294574,34.89010806180177,58076621
1633008600,353.88629269,355.5627355,350.09223791,350.9353612,34.7800624085661,61384577
1633095000,351.56280178,354.16079794,347.42561543,353.11179572,34.88226343788526,56375488
1633354200,351.48437171,351.81769952,343.44528923,345.70015383,35.17791488233356,76766005
1633440600,346.76876357,352.63141152,346.54327711,350.36674317,35.19229020206237,47232904
1633527000,347.13150266,352.88630926,346.21975306,352.611804,35.10583694465965,56806536
1633613400,355.68038061,358.51366699,355.14117385,355.84704451,35.12644868082917,39411172
1633699800,356.93526177,357.16721871,353.53335736,354.07256411,35.19655885149795,41822309
1633959000,352.52357017,356.07253097,351.268689,351.35692284,35.21590513996118,34847182
1634045400,352.81768294,353.2588521,349.48440485,350.13145295,35.12141795198503,43905101
1634131800,352.45494386,353.61178743,350.41576196,352.93532805,35.09438533859742,40120795
1634218200,356.55291517,359.65090305,355.88625955,359.43522035,35.30138938446313,43433867
1634304600,360.66069023,361.81753381,359.62149177,361.6998887,35.20800581470095,40419878
1634563800,360.39598874,365.55276603,359.78815567,365.33708333,35.206745086936216,34513514
1634650200,366.41549683,368.1507622,365.38355315,368.1017434,35.19187996547499,29090963
1634736600,368.56252008,369.17525502,366.13118782,367.6213592,35.2698730893692,31390338
1634823000,366.81745096,370.06249522,366.51353443,369.86642004,35.368800051827286,25469277
1634909400,368.60173512,369.57230727,365.07728372,366.7586284,35.38330717109005,36275822
1635168600,368.18997723,371.4350215,366.22922541,370.51346814,35.54307670999624,32597804
1635255000,372.76833274,375.199665,370.48895875,371.68011548,35.50430932302218,47191279
1635341400,372.1310884,375.6310304,371.8663869,372.54284628,35.46466867260677,45760496
1635427800,374.45457931,376.93493036,373.67518046,376.68003262,35.364452847055766,38007005
1635514200,373.58204475,378.699607,373.22910942,378.5329431,35.49857201138655,37310116
1635773400,378.97411226,379.95448817,376.87610781,379.8270393,35.29880588426093,30765303
1635859800,379.20940248,381.89563247,379.16038368,381.41524828,35.47369213869509,25135292
1635946200,381.90543623,385.88576243,380.85643401,385.46420079,35.46025840429977,33748901
1636032600,386.73868947,391.36606378,386.18967896,390.40529538,35.4882959196528,40265313
1636119000,392.18957954,393.12093666,389.36609692,390.77783823,35.4225722578085,43383802
1636381800,390.74842695,391.77782166,389.60138714,390.24843524,35.486450704810565,29256270
1636468200,391.32684874,391.72880286,386.18967896,387.56220524,35.5212052359144,50490720
1636554600,384.76813389,387.60142028,379.92507689,381.8662212,35.53763602697107,54937385
1636641000,384.86617148,385.04263915,382.58189561,382.92502718,35.38643100217319,32242983
1636727400,384.08187075,387.49357893,382.47405426,386.95437217,35.346628431416036,34730564
1636986600,388.14062703,388.46415108,384.40049293,386.86613834,35.40788176287813,33716861
1637073000,386.13085641,390.12098637,385.93478123,389.62099465,35.35319345743586,27872940
1637159400,389.9445187,391.8754671,388.85630144,389.82687359,35.1666849615622,28703263
1637245800,391.88566301,394.37581782,389.65040593,393.86602235,35.237654401214336,45721515
1637332200,395.51305388,397.34635683,394.67973436,396.06206439,35.19597612462663,45191721
1637591400,397.61105833,400.68943869,391.35626002,391.46410137,35.15854590577279,61715370
1637677800,390.29745403,392.37585096,385.20930305,389.67981721,35.042332409262634,70098736
1637764200,387.17985863,391.21900739,384.83676021,390.93469837,35.04340088529566,46954382
1637937000,388.33670221,389.73863976,382.12111893,383.52305649,35.16446816809756,51533314
1638196200,388.12101951,392.86603892,387.38573758,391.84644797,35.357336332927126,54447106
1638282600,390.95430589,393.31701184,384.06226324,386.09164137,35.348299021886575,81332693
1638369000,390.46411794,392.62094494,379.05254233,379.52312277,35.382731232992185,78379245
1638455400,378.22902656,384.05245948,376.79767773,382.25837156,35.45555113076976,84416623
1638541800,383.63089784,384.64068502,371.46443278,375.61142288,35.40253129302831,105349104
1638801000,376.10161084,379.9937032,371.85658314,378.62117693,35.39714139526604,67588801
1638887400,385.3171444,390.6405856,385.27792937,390.02294878,35.31501935738098,56005264
1638973800,390.35627659,391.97389684,388.44454356,391.7680179,35.357620721080885,39204041
1639060200,390.53274425,392.34643969,385.80723432,386.00340754,35.492629467388944,49973714
1639146600,388.83669392,390.46411794,385.64066845,390.19941644,35.39619120873827,52545767
1639405800,390.18961268,390.50823485,384.18971211,384.56225495,35.460370418334186,50166410
1639492200,379.69959043,382.43483922,376.10161084,380.58192875,35.31131182259581,75199181
1639578600,380.32703101,389.62079858,376.34670482,389.25825557,35.27905849048208,73858028
1639665000,390.22882772,390.65529124,377.65060478,379.24861751,35.37332522836731,82591368
1639751400,375.80749806,381.5525009,374.27811164,377.356492,35.407235169843446,81642848
1640010600,372.59206732,374.49151972,370.53555426,373.69640012,35.25903478904597,65336827
1640097000,376.99467405,382.37400178,373.21638346,382.05988045,35.23370022739629,48899477
1640183400,381.76539171,386.91894473,381.09788389,386.71280261,35.241359075214824,37042200
1640269800,387.0661891,391.10559304,386.89931215,389.62824118,35.42100430739205,29595536
1640615400,390.93380794,396.06772838,390.90377009,396.06772838,35.52521802568595,32820705
1640701800,396.9708272,397.14752045,393.34861565,394.23208188,35.52359651295554,33113728
1640788200,394.36950996,395.64562785,391.77800901,394.17318413,35.454671441131374,32248484
1640874600,393.95722572,396.15597684,392.40625166,392.99522915,35.31838687905504,23850065
1640961000,392.31790504,393.69110606,390.04052542,390.54115628,35.246122185202964,34752884
1641220200,391.71911126,394.5560195,389.58897601,394.30079592,35.23105089141845,40575854
1641306600,394.85050824,394.88977341,386.06296411,389.18650806,35.433729267568644,58027206
1641393000,387.48828964,388.61716316,376.97504147,377.23026505,35.455778755431,75739847
1641479400,375.39461854,380.23405024,373.14668779,376.96522518,35.29778789908078,70814324
1641565800,376.97504147,378.67325989,371.09508287,372.88164792,35.249877090117565,72652304
1641825000,367.93423702,373.64731866,362.52546042,373.12705521,35.34766890387326,91770497
1641911400,372.3859252,378.89893643,370.28838004,378.73215764,35.29610383338325,68295698
1641997800,381.32365859,383.03169331,377.93703803,380.23405024,35.4033540441283,54576366
1642084200,381.62796363,382.31510403,369.77969982,370.7220638,35.50240434800502,77993962
1642170600,368.17964431,373.36264621,367.97350219,373.02889229,35.42360096721287,80121210
1642516200,367.16856629,369.30851783,362.97740248,363.74268056,35.405312275666944,75812296
1642602600,365.3132872,367.80662523,359.48241006,359.74744993,35.309862978915454,81791482
1642689000,362.99664241,367.00168933,354.53499916,355.07489519,35.369955328526565,88610680
1642775400,352.86622961,355.5264446,344.94448239,345.22915484,35.331816225158384,143388920
1643034600,339.55043022,347.47708559,328.0113796,346.80957777,35.33894009316273,199448109
1643121000,340.30137652,344.58078879,335.40304708,338.77003505,35.37801780856926,124398394
1643207400,346.4267424,350.32381012,334.51958084,338.23995531,35.38346945363876,146559524
1643293800,342.98122409,344.8168706,333.80299157,334.83370217,35.12700716479164,95255656
1643380200,336.72824642,345.55309246,331.74157036,345.33713405,34.979121128938885,108167897
1643639400,346.71141485,356.96943944,345.06227789,356.38046196,34.98335743444326,94326389
1643725800,357.73511018,359.46277748,352.54229199,358.80508595,35.19194948831145,74433023
1643812200,362.96719353,363.30094744,357.59277395,361.72052452,35.351969034421955,78777135
1643898600,351.94349821,355.28103731,345.98500928,347.05498506,35.320747580393956,95384771
1643985000,347.5752485,354.76077386,345.504011,351.43305105,35.39093443818752,86318301
1644244200,352.03184483,354.41720366,347.33965751,348.60595911,35.378423716811724,58198087
1644330600,347.45745301,353.62208405,346.31876319,352.52265941,35.3687926706837,64720897
1644417000,357.07741865,360.07138755,355.46754685,359.99285722,35.31902006434557,55766422
1644503400,352.91531107,359.75579378,349.99005621,351.84533529,35.361512876855,112468483
1644589800,351.84533529,353.4552071,339.44735916,340.68421189,35.353947510092524,101569102
1644849000,340.12468327,344.53219815,337.57244749,341.10631242,35.31029068738156,80254439
1644935400,346.4267424,349.82317925,345.35676663,349.58758826,35.24410737611174,55390805
1645021800,347.32002493,350.52955959,344.26715828,349.49924163,35.386807864684954,58947086
1645108200,346.25986545,346.96663843,338.68168843,339.10378896,35.42239167540245,61801353
1645194600,340.04615294,340.4388046,332.90970904,335.23617012,35.41967077819138,80001513
1645540200,332.2716501,337.71969186,328.20770543,331.86918215,35.35748675144281,85967095
1645626600,335.04966058,335.89680654,323.0541524,323.36827373,35.35217560070145,86215371
1645713000,312.98263735,334.77480442,312.41329244,334.23490839,35.309172956422955,130614053
1645799400,335.03984429,339.62405241,331.19185803,339.41791029,35.16484182448232,78842088
1646058600,336.21779927,342.13702303,335.04966058,340.42898831,35.31156990814789,77515544
1646145000,339.39827771,341.68351036,332.67411805,335.21653754,35.411801295092545,67407000
1646231400,336.77732788,342.18610448,333.9895011,340.84127255,35.293933722818124,70609015
1646317800,343.50148754,343.60946675,334.09748031,335.97239198,35.34911469933851,71089385
1646404200,333.59684944,335.03984429,328.76723404,331.10351141,35.2570449550675,77009763
1646663400,331.09369512,332.2618338,318.6859027,318.89204482,35.139824146992325,89933794
1646749800,318.09692521,327.0886482,314.06242941,317.4097848,34.95007034072146,116153921
1646836200,325.65546964,330.20041259,323.04433611,328.83594808,34.94822766597877,64723366
1646922600,324.74255454,326.40150779,320.70805874,325.18428765,35.38577170692896,69362714
1647009000,328.17825655,328.49237788,317.94968084,318.44049541,34.94618939665512,66228432
1647264600,317.19382639,320.59026324,311.61817284,312.32494582,34.807663254397475,79802606
1647351000,314.98516081,322.90690803,313.36547272,322.12160471,34.73504194422886,76470991
1647437400,326.06775388,334.18582693,322.36799363,334.06803144,34.833823253491154,105242954
1647523800,332.1538546,338.17124127,330.84887681,338.11234352,35.09024991676386,67809951
1647610200,336.44357397,345.32731776,335.27543529,345.03282901,35.09766178784748,85446347
1647869400,344.19121118,346.43209057,339.64556769,344.07327016,34.97296601424207,73799072
1647955800,344.5745195,351.70995123,344.19121118,350.83522199,34.913488014794396,63345928
1648042200,347.93583858,351.52321128,345.73427286,345.79324337,34.846859217101326,70615457
1648128600,347.72944179,353.52820863,345.56119442,353.47906654,34.78909166141361,53555251
1648215000,353.42009603,354.48156521,348.85361628,353.18421398,34.78812145879035,57584158
1648474200,353.17438557,358.74709878,351.92617643,358.6488146,34.850457271131205,56833866
1648560600,362.57035352,365.45008011,359.77908271,364.82106133,34.76892218740137,68072955
1648647000,362.93891921,364.61466454,359.29749021,360.7914098,34.978650773378995,68757710
1648733400,360.93883608,361.29265914,355.47423546,356.31947944,35.09026937571165,67011405
1648819800,356.58484674,357.37112021,352.43725419,355.64131858,34.684848137141536,54527761
1649079000,356.48656256,362.97331868,356.22119526,362.96349026,34.83389672710677,45950171
1649165400,361.49905592,362.21653046,353.75426225,354.9041872,34.76562788750553,62738661
1649251800,349.54769919,350.65831046,344.54503424,347.1987072,34.623540130794204,90077072
1649338200,346.19620853,350.23568847,342.70712001,348.02429434,34.55905186921612,63777373
1649424600,346.27483587,347.03162409,342.52038006,343.15922725,34.56604023868818,61956094
1649683800,338.89369368,339.81756501,334.69204483,335.04095368,34.53352956921767,66107401
1649770200,339.82739342,341.72427817,332.23494024,333.62566144,34.43996251941584,72790215
1649856600,333.96965608,341.46873929,333.24235312,340.40727011,34.44597920124969,61367755
1649943000,340.49572587,341.01663205,332.40693756,332.62316276,34.452116230625435,73519367
1650288600,331.56169358,335.18837996,330.02944316,332.87870164,34.44974144582379,58560555
1650375000,332.23002603,340.89869103,331.1980421,340.31881434,34.34525846622451,56515684
1650461400,341.13457307,341.59650873,334.12691077,335.35546307,34.18517889264779,65500022
1650547800,339.26717358,341.9011897,327.48289996,328.4165997,34.050869273542645,75801008
1650634200,328.5738544,329.80240669,319.38428322,319.81673363,33.98977995843266,82562145
1650893400,318.17538776,324.2395219,316.89769338,323.92501251,33.958556802498954,101755856
1650979800,321.85121623,322.03795618,311.41835014,311.69846006,33.81338979572339,105819629
1651066200,311.79674424,317.3399722,309.59517853,311.32498016,33.71258891925132,111204164
1651152600,316.32764511,324.22969348,312.07193996,322.38195083,33.34910364752333,99449957
1651239000,318.14590251,321.61041998,307.23635812,307.87520532,33.11438933409491,91977859
1651498200,307.46241175,313.25135016,304.3320605,313.01546812,32.860685137635166,115511770
1651584600,313.03512496,315.65931266,310.55836353,313.34963435,32.89819958269281,78185527
1651671000,313.83122685,324.62283021,308.50520693,323.94466935,32.97462948592709,116083395
1651757400,319.59068001,319.66930736,304.30748945,307.62949486,33.13548954277117,154607447
1651843800,305.61466909,309.6836343,299.86995856,303.94383797,32.88181988422405,139572805
1652103000,298.27284057,304.04084446,290.64598792,292.05145175,32.79914148220687,113387342
1652189400,299.28516766,300.51371996,291.48140348,295.59951078,32.710900975879326,124124550
1652275800,293.31931772,298.87237409,285.95783236,286.8325616,32.67292178828662,140326148
1652362200,282.51788593,290.67547318,280.05095292,286.15440073,32.71685373110554,120910850
1652448600,290.64598792,297.80009365,289.03658441,296.75926414,32.57817048426278,83684931
1652707800,294.99997726,297.07377353,292.03179491,293.31931772,32.6535138392965,59190432
1652794200,299.22619715,301.29999343,295.39311399,300.91668511,32.719507408500604,62715293
1652880600,296.36612741,297.06394511,284.87670634,286.14457231,32.85925847737759,79477109
1652967000,284.32631491,289.33880828,282.64565537,284.61133904,32.75987443841212,79920709
1653053400,288.10042756,288.75893159,275.40211104,283.72678139,33.01033832031564,91764174
1653312600,284.77842216,288.82773052,282.36063124,288.44442221,33.00884917470546,63648400
1653399000,283.18130417,283.90369292,277.40710838,282.31148915,33.18867795024171,73491124
1653485400,280.80774114,288.35596644,280.60134435,286.26251333,33.35313083735948,67144548
1653571800,285.45658302,295.75676547,285.17155889,294.19404695,33.23756483412071,59462231
1653658200,297.34896925,303.94383797,297.23102823,303.79641169,33.184171704316,66985596
1654003800,303.76692644,305.98814899,299.10825613,302.99048139,33.31404918362828,60968330
1654090200,305.14290501,307.28550021,298.51855103,300.749602,33.14949647041252,65341653
1654176600,299.61933389,309.16272812,298.19431151,308.98581659,32.992807657720995,59291333
1654263000,303.72761277,305.14290501,299.68813282,300.94617037,33.13516166390657,60914684
1654522200,305.41810073,306.99064766,300.3761221,301.94866904,33.003695735714764,51785013
1654608600,298.59717838,305.33947338,297.49501954,304.55319991,32.94670638732578,44900292
1654695000,303.7472696,306.37145731,301.50639022,302.36146261,32.84491182491798,38342062
1654781400,300.66114624,303.7472696,294.09576277,294.26284588,32.78833255759603,55900475
1654867800,288.61150532,289.81057236,283.43586021,283.88403609,32.692934008021425,85963456
1655127000,274.95000379,277.49556415,269.8195694,270.68447022,32.57066456448043,94442009
1655213400,272.89586435,273.87870619,268.64753051,271.17589114,32.27815067713716,64697521
1655299800,274.62075178,281.90852399,271.86388042,277.94767139,32.19567970491103,86051428
1655386200,270.86138175,271.32331741,264.65964976,266.73344604,32.52171864086949,81910297
1655472600,267.50989109,272.43392869,265.87041262,269.9768241,32.72257936622698,82703402
1655818200,274.4941853,279.12242807,274.38586472,276.78861203,32.52646222964938,51633741
1655904600,274.26769682,280.8260153,273.66701,276.38487171,32.5689249132235,67472924
1655991000,278.88609226,281.35777085,276.03036801,280.50105357,32.414177213815286,57457796
1656077400,283.3469305,290.53547778,283.11069318,290.1120428,32.391288251887495,58422262
1656336600,291.48082098,292.05186736,286.84273089,287.9850206,32.55708691344098,54151452
1656423000,288.52662347,291.13616461,279.02395482,279.21105399,32.60025379110569,61867060
1656509400,279.07319144,280.9835725,276.55227623,279.46708444,32.42482770488138,57302726
1656595800,276.46365031,279.6089844,271.56952977,276.00082603,32.33687136151603,79313580
1656682200,274.6911318,278.21647416,272.80044539,277.82258116,32.269619550391134,56675107
1657027800,274.060903,282.69700705,272.52481877,282.57883915,32.26078261050208,61829272
1657114200,282.96288483,286.50792184,281.22975562,284.39074696,32.0001268193722,63194715
1657200600,285.20807494,291.18540123,285.20807494,290.47639383,31.92199219658329,56620114
1657287000,287.62066957,292.21937036,286.67532637,290.84074485,31.93123618086621,59895478
1657546200,288.40845557,288.63494405,283.74082351,284.62708276,31.97920421547625,55273920
1657632600,285.88754036,287.81761607,280.26471777,281.86983175,31.68584390070775,55797088
1657719000,276.31594043,283.65219758,275.74479558,281.28883957,31.791513855837277,73939418
1657805400,278.66945111,283.16967865,275.52815443,282.29326673,31.8450348701877,63741837
1657891800,285.30654819,287.52219632,283.68173956,287.41387574,31.62542090973026,63818149
1658151000,290.22036338,291.63837818,283.79990746,284.98158646,31.815228627752642,59519581
1658237400,288.63494405,294.04112549,287.01998274,293.74570574,31.830693170759933,55172640
1658323800,294.16914072,299.59501681,293.38421044,298.40349048,31.939051267668678,67769430
1658410200,298.86631476,302.74123716,296.18784235,302.68707687,31.90808269096226,55049363
1658496600,301.75158099,303.8392139,295.53299523,297.37936868,31.88405077104904,57127715
1658755800,297.40891065,297.88158225,293.66692714,295.68562877,32.00561825012278,40582381
1658842200,293.97219422,294.22822467,289.05837902,289.875707,32.04278359092633,50074122
1658928600,294.47440779,303.82936657,293.90326294,302.12577934,31.906893380388674,69304364
1659015000,301.90913819,305.65752247,298.12284172,305.07997685,32.04233781651846,55139941
1659101400,306.63093055,311.55951672,305.19912949,310.6437155,32.07752331591201,57501043
1659360600,308.86134967,313.94256938,307.75844926,310.45661632,31.918098941968132,46358833
1659447000,308.14249494,313.68161527,307.07908231,309.53096777,32.14096632401165,48676501
1659533400,311.22470767,318.78656704,311.16562372,317.960278,31.98779450979043,53735729
1659619800,318.0390566,319.76233848,315.87264509,319.44722408,31.913911428873252,38973659
1659706200,314.31676773,318.88592655,313.52898173,316.83768294,32.03610011798259,53893972
1659965400,317.7633315,321.48562036,314.33646238,315.81356114,31.86198846711241,44066297
1660051800,313.90318008,314.15921053,310.6043262,312.23898215,31.889191879209967,39764220
1660138200,319.63432325,321.24928456,317.14304849,320.95386481,31.92425996546251,51459564
1660224600,323.2926045,325.3162298,318.42310227,319.13210968,32.19983465726211,45897650
1660311000,321.19512427,325.53779461,320.1366353,325.34577177,32.169631439206135,40928379
1660570200,324.39058124,328.47249442,324.37088659,327.97500756,32.08067734845785,38266614
1660656600,326.98535139,329.31513002,324.13455079,327.2069162,31.981376498032866,41186864
1660743000,324.04592487,326.36989357,321.37729978,323.47478001,31.945709854536837,47842155
1660829400,323.42554339,325.44424502,321.80073476,324.25271869,31.865048182896867,41937172
1660915800,321.19020061,321.84997138,317.16264467,317.93073602,31.70771230880932,51770570
1661175000,313.63730231,313.87363811,308.74318177,309.56050974,31.58595967518758,51098890
1661261400,309.32417394,312.16020355,308.54623526,309.30447929,31.414048682945147,39497074
1661347800,308.82196037,312.03218833,308.21142621,310.20058587,31.48435345821293,38057059
1661434200,311.99279903,315.70524056,310.93687036,315.68554591,31.46338459477559,38098255
1661520600,315.39012616,316.60134714,302.65753489,302.74616082,31.562473537548016,69047740
1661779800,299.96921516,302.52951967,298.64967361,299.76242134,31.48035619499334,48321851
1661866200,301.42661927,302.04700074,293.88356829,296.42417815,31.39298456411036,51184500
1661952600,299.34883368,300.25478759,294.59257569,294.70089627,31.41296045683307,50044041
1662039000,292.18982838,295.20310984,288.47738685,294.82891149,31.12704389190621,57990745
1662125400,297.72402505,299.11249788,289.03868437,290.663493,31.02515261553449,64666839
1662471000,291.14601193,292.07166048,286.42914324,288.5758601,30.986536401587415,57005444
1662557400,289.05837902,295.40990367,288.79250125,294.40547652,30.82121029755727,49260381
1662643800,292.31784361,297.26120078,290.93921811,295.9318119,30.879771488704336,55649821
1662730200,298.20654398,302.90371802,295.93269816,302.40150444,30.87975938851049,56125215
1662989400,303.78997727,306.33058713,303.47486287,305.99577808,31.04504758526509,45905737
1663075800,297.1922695,298.39364316,288.31490598,289.21593622,31.13305733351599,79562172
1663162200,290.36314959,292.39662221,288.58570742,291.51036296,30.890177430145137,54907198
1663248600,289.58028725,292.00272921,285.04067041,286.65563172,30.91071703882886,65299411
1663335000,283.32723585,285.29670086,281.2592976,284.90280786,30.90250164232574,79920391
1663594200,282.23783536,287.27885367,282.17864532,287.12101357,30.92446710485139,52613831
1663680600,284.59557191,287.14074358,282.51405554,284.83233207,30.889785221867243,51271117
1663767000,285.68072262,289.98186545,279.59401362,279.73212372,30.76031811149129,82930963
1663853400,278.1931827,279.20927837,275.05117814,276.28923645,30.399425113508048,62757073
1663939800,273.80325482,274.09920502,268.34790624,271.7907935,30.39293857383675,74815189
1664199000,271.31727319,275.71706608,269.86711724,270.66618276,30.19555946766802,71176694
1664285400,274.05974499,276.42734655,268.4366913,270.77469783,30.02363776541943,69780115
1664371800,270.75496782,277.45330722,269.26041934,276.16099137,29.94910986134157,79652140
1664458200,272.13606873,272.52080398,265.21083418,268.19993114,30.07101296752271,81215957
1664544600,267.3712706,271.47511329,263.49432305,263.65216315,30.208773328275353,78482378
1664803800,265.43772933,271.44551827,263.91851833,269.83752222,30.03886983758727,61267449
1664890200,275.22381575,279.03170826,275.22381575,278.32142779,30.30809699944506,66696931
1664976600,274.52340029,279.97874888,271.70200844,278.17345269,30.520399735993,55766318
1665063000,277.16722203,280.34375412,275.65787604,275.98342125,30.399283187140778,53489411
1665149400,271.30740818,271.43565327,264.12568347,265.46732435,30.250104197177148,71354674
1665408600,265.66462448,266.05922474,260.08103081,262.8136376,30.14482616379704,60392990
1665495000,261.1267215,264.01716839,257.50626412,259.20304523,30.03028645171213,66522509
1665581400,259.84427065,261.77781192,258.41384471,259.11426017,29.990576889802636,50580179
1665667800,251.71550532,266.52288004,250.82765473,265.19110417,29.9585987809862,112894068
1665754200,267.53897571,268.1407411,256.62827854,257.22017893,30.06924024062702,77244302
1666013400,263.23783288,266.59193509,263.13918282,265.71394951,29.953163075365968,64576452
1666099800,272.79702416,273.4678446,265.11218411,267.81519589,30.15192651986852,69780995
1666186200,266.28611988,269.98549731,264.45122868,266.83856025,30.108923244500794,53115405
1666272600,265.94084466,271.12983807,264.30325358,265.47718935,29.947699136336652,60605496
1666359000,264.36244362,272.2435973,263.22165427,271.70200844,29.980231215825295,77897694
1666618200,271.96836362,275.62828102,268.29858121,274.6911054,30.10050343973714,63963569
1666704600,275.63814603,280.75808439,274.14853005,280.37334914,30.04296622876464,59014494
1666791000,274.70097041,280.14645399,273.68487474,274.17812507,30.230477928540207,63898246
1666877400,273.05351433,274.52290704,268.66358645,269.18643179,30.458268691463033,57760302
1666963800,268.55507137,277.89525951,268.38736626,277.4237122,30.33635751961923,62651312
1667223000,275.15476071,275.98342125,272.26431381,274.19785508,30.25036461706076,47741952
1667309400,277.69499988,278.26223775,271.031188,271.39619324,30.09328731101539,45895897
1667395800,271.36659822,274.45434525,262.02443709,262.09349213,30.20487194209095,79803142
1667482200,259.4595354,260.92942137,256.58881852,256.97355377,30.108067587073187,70038903
1667568600,261.94551703,263.01093773,255.58258786,261.10699148,29.989529550208598,78313213
1667831400,262.16254718,264.52028372,260.01197576,263.97770837,30.3888009557181,47333828
1667917800,265.50678437,269.16670178,261.93565203,265.90138463,30.40921681427527,63213785
1668004200,264.14541348,264.934614,259.47926541,259.7653506,30.510102703614542,64862129
1668090600,272.28404382,279.22900839,270.15320242,278.93305819,30.46647644588278,99256693
1668177000,278.74562307,284.74354701,277.39411718,284.07272657,30.984954285606598,66961751
1668436200,282.00107521,285.31078488,280.60024429,281.58674493,31.31122273182686,55080048
1668522600,288.26535432,289.30118,282.10959028,285.48342249,31.28342151294258,73985372
1668609000,283.5104212,285.57595625,280.75808439,281.58674493,31.441488536492432,48859804
1668695400,277.08830198,282.45378035,276.93046188,280.96524953,31.393863882670132,55462076
1668781800,284.00367152,284.10232159,278.50994806,280.97511453,31.246470995209513,53588631
1669041000,279.57428361,280.73835438,277.24614208,278.08466763,31.24994460930596,40083527
1669127400,278.82454312,282.24770037,276.67397171,282.08986026,31.040642795137572,41873444
1669213800,282.10959028,285.55247754,281.93202016,284.92111712,31.18641154161591,46389967
1669386600,283.31312107,284.02340153,282.55351557,283.04676589,31.486704980735023,15498797
1669645800,281.05403458,283.08622592,277.95642255,278.89359816,31.13611439118291,38877045
1669732200,279.12049331,279.52495858,275.40138587,276.78248678,31.01765698562587,35618878
1669818600,277.04884195,289.50834514,276.19058639,289.39983006,31.05793790906666,74718088
1669905000,289.72537528,291.75756661,286.95330846,289.7549703,31.20493690166036,51547332
1669991400,284.64489694,289.48861512,284.46732683,288.60076454,31.538803195486167,53583172
1670250600,286.46005813,287.74250898,282.28716039,283.75704636,31.60960045035918,41482121
1670337000,283.59920626,283.73731635,276.47173907,277.8775025,31.435255161421008,53937605
1670423400,276.68383671,278.75548807,275.01674927,276.74302675,31.334601342898573,45614254
1670509800,278.10439765,280.99484454,276.01301627,280.0182089,31.466094139799075,42594913
1670596200,278.99224823,281.78404506,277.78871744,278.23264273,31.494182549299552,47860487
1670855400,278.41021285,281.78404506,277.36452216,281.72485502,31.53903491909786,35732518
1670941800,292.6454172,292.86737984,282.05040024,284.75341201,31.451589580916526,80667675
1671028200,284.16151162,287.4761538,279.36711848,282.64230063,31.658931872006136,64984432
1671114600,278.51872792,279.18954836,271.9486336,273.15216439,31.748765836914693,60554119
1671201000,272.47147895,274.02028496,268.92994162,270.54780268,31.60583499234301,68300351
1671460200,270.82014655,270.9091443,265.50005896,266.74602743,31.59052689248184,44167920
1671546600,265.56927943,268.29854369,263.97720861,266.53836602,31.56638502548145,51064199
1671633000,267.58656171,271.72001266,266.73613879,270.40482373,31.778577276648992,46394694
1671719400,267.36901166,267.5024094,259.53226554,263.78932447,31.51454475342345,60278377
1671805800,262.51369009,265.05507022,260.59529419,264.38264279,31.514773298343762,39373584
1672151400,263.76954719,263.87832222,260.10086226,260.64473738,31.55161537276218,38009005
1672237800,260.2393032,262.51369009,256.83761151,257.20349114,31.5062052384739,47139043
1672324200,260.03164179,264.42714166,259.32954844,263.47288804,31.34674142089341,45893567
1672410600,260.68429194,263.44322212,259.369103,263.31466982,31.447062714830423,37858277
1672756200,265.65827718,267.14651729,259.21088478,261.53471486,31.059138947146344,42335325
1672842600,263.67066081,264.47164054,259.60643033,262.78068333,31.265679309806973,47754861
1672929000,261.09961476,261.26772162,258.35057322,258.66700965,31.22255610861004,45396744
1673015400,260.41729869,266.93391156,257.44081846,265.80660676,31.09547392867344,54659739
1673274600,267.8140004,272.22433324,266.91413428,267.52722988,31.397739189494242,45568676
1673361000,266.48892282,269.90050315,265.97471361,269.79172813,31.598976124263558,35247763
1673447400,270.86958974,274.56794059,270.07849865,274.45916557,31.59204428667831,44077036
1673533800,275.02281797,276.98076842,270.69159425,275.94246137,31.655553628137223,60599953
1673620200,273.42085851,278.08730709,273.0846448,277.84107999,31.929085067547334,44802936
1673965800,277.64330721,279.70014405,276.46754808,278.40473239,31.94621668448608,36269738
1674052200,279.95724866,281.51965356,274.57782923,274.78549064,32.0166993814976,47754549
1674138600,273.14397663,274.28611439,270.83992383,272.08589229,31.95893352868324,44150436
1674225000,273.70762903,279.86825091,272.63965606,279.53203719,32.01094934710364,60613606
1674484200,280.38246012,286.97818209,279.58148039,285.74210226,31.982713685502556,52799905
1674570600,284.11047689,286.32553194,283.58637904,285.15867258,31.90222474094935,44875146
1674657000,280.60989881,285.14878394,278.0487414,284.52579971,32.02404772995922,50872022
1674743400,287.9769346,290.25132148,285.3060133,290.07332599,31.927266334536043,51596335
1674829800,288.74824841,294.9385362,288.62958475,292.96080847,31.88588255494427,56441939
1675089000,289.6678918,291.10174441,286.66174566,287.03751392,31.824816419159966,49405833
1675175400,287.07706848,291.43795812,286.96829345,291.33907173,31.75381287788072,46705106
1675261800,291.13141032,300.05096238,289.04490757,297.56891408,32.05691645450216,67562173
1675348200,304.14485878,310.18681699,303.31421313,308.24864382,32.171368405935,83070628
1675434600,301.54414682,308.91118261,301.14860127,302.77033801,32.089246756018596,76170804
1675693800,300.13007149,302.50334476,298.8544371,300.2091806,31.75783093782469,40802348
1675780200,300.0806283,307.56632775,298.95332349,306.42913431,31.570030905173937,67583981
1675866600,305.10405673,306.05336604,300.28828971,300.98049441,31.658832578192783,56720860
1675953000,305.40071589,305.54904547,296.8569321,298.32045062,31.683934447878574,49137818
1676039400,296.14495012,298.21167559,293.9397837,296.36250017,31.704620959018058,50050104
1676298600,297.77657549,301.70236503,296.58993885,301.10904672,31.64419241621851,39636720
1676385000,299.51697589,304.29318836,297.55902544,303.33399041,31.575368822799,64079057
1676471400,301.50459226,305.82592735,300.81238756,305.65782049,31.588292447254833,43427298
1676557800,300.99038305,304.9952817,299.7740805,299.92241008,31.45637989091366,59498630
1676644200,297.71724366,298.56766658,294.78031798,297.80624141,31.409984194083616,58230729
1676989800,293.94967234,295.40330222,290.61720111,290.75564205,31.396432792509458,46526708
1677076200,291.33907173,293.05959597,289.30201217,290.97319211,31.329339695516712,51389237
1677162600,294.65176568,294.8099839,289.29212354,293.51457224,31.211288972834378,69294443
1677249000,288.51092108,289.70744636,286.81996387,288.59991883,31.163498145373374,74331958
1677508200,291.78406047,293.18824716,290.07332599,290.66664431,30.93507208773404,48995009
1677594600,290.03377143,292.82632299,289.69755772,290.29087604,31.017802528185722,48243141
1677681000,289.99421688,290.65675567,286.96829345,287.95715732,30.937222909044202,58286972
1677767400,285.4454431,291.1511876,285.15867258,290.34031923,31.20209579821673,53738557
1677853800,292.10049691,296.58005022,291.5862877,296.34272289,31.003992946861178,60511540
1678113000,297.58869136,300.61461478,296.48116383,296.6789366,31.10224202388488,56736294
1678199400,296.7283798,297.65791183,292.42682199,293.03991758,31.11030867968446,65955756
1678285800,293.46512904,295.10664306,291.59617634,294.5034361,30.89071743632313,50876265
1678372200,295.00775667,297.62824591,288.58004267,289.40089856,30.92348959245053,71456691
1678458600,289.56900542,291.07207849,284.17969736,285.33666808,30.970067439271116,98593561
1678714200,283.53693584,291.19074216,282.01408549,287.45283675,31.167147257522718,97123603
1678800600,291.03252394,294.61221113,290.18210101,294.05844736,31.471450544547604,73602545
1678887000,291.42806948,295.9372887,289.9744396,295.60107499,31.48234704820437,83631535
1678973400,294.6814316,303.75920187,293.88045187,303.39332224,31.690950679955883,98556824
1679059800,303.30432449,305.70726368,299.99163055,301.95946964,31.725703118562407,89923732
1679319000,301.33772915,303.35813593,299.10933931,303.03130542,31.822932305803477,56359491
1679405400,304.98238452,307.81491559,303.4522235,307.35933367,31.918003217786346,49757048
1679491800,307.29000599,312.22217549,303.01149751,303.17986474,31.80262457824945,75791914
1679578200,306.94336757,311.13274046,304.06131672,306.77500034,31.920802987111266,74575981
1679664600,306.34913028,308.00309074,304.00189299,307.90405119,32.040229293074916,57245803
1679923800,308.60723198,309.69666701,304.93286474,305.79450881,31.943807664329,50287407
1680010200,305.21017548,305.23988734,301.84679242,304.17026022,31.94712309265307,48585917
1680096600,307.89414723,310.34042407,307.07211898,309.71647492,32.01953920139642,53274266
1680183000,312.21227153,313.28189865,309.80442204,312.64804554,31.938020205142767,58354808
1680269400,312.8758365,318.08531673,312.5688139,317.84762182,32.02026706982343,62138097
1680528600,315.70836758,317.34252012,314.37143272,317.07511334,31.89994454441357,47126839
1680615000,317.52079131,318.54089866,314.77254289,316.00548622,32.12306144349054,45875384
1680701400,315.04480261,315.99558227,311.05350882,312.88574046,32.19267679230694,62795706
1680787800,311.22187605,315.49048057,309.81551447,314.99528283,32.085126910552255,46916496
1681133400,312.0439043,314.86653142,310.24138452,314.81701165,32.10868425492526,45134736
1681219800,314.77739583,314.83681956,312.28159921,312.79660486,31.91050735062875,40113594
1681306200,314.76749187,315.36172916,309.56296362,310.03340147,31.914946943431328,62813305
1681392600,311.80620938,316.5799156,310.61773481,316.10452577,32.07172582168537,54613792
1681479000,314.53970091,317.2830964,312.57871786,315.51028848,32.16002053253146,56278284
1681738200,315.09432238,316.1341386,313.00458792,315.77769526,32.11048085792394,43007023
1681824600,317.90704555,318.33291561,314.58922069,315.79750317,31.996169974080242,46746940
1681911000,313.37103424,316.71857097,313.24228283,315.64894385,32.070571426053164,38960127
1681997400,312.6579495,316.20356532,311.94486475,313.24228283,31.86938402797106,62462142
1682083800,312.8758365,314.35152577,311.08322068,313.56911334,31.94178191790477,59002285
1682343000,313.34132238,314.68736888,310.72667831,312.91545232,31.90566705860446,44043063
1682429400,311.27139582,311.94486475,306.91365571,307.01269525,31.938263725228882,57121644
1682515800,310.42955966,311.91020091,308.34972915,308.87463876,31.877468585093272,55400496
1682602200,312.66785345,317.77829414,312.02409639,317.27319244,31.746237713519083,65430392
1682688600,317.03549752,319.55110205,315.89654272,319.46196645,31.75552524940128,59712635
1682947800,318.99648058,320.52168962,318.0060851,319.09552013,31.49162164694388,41013386
1683034200,319.02619244,319.35302295,314.55950882,316.31250882,31.48428072256361,56519407
1683120600,316.67895515,319.37283086,314.13363876,314.24258227,31.50226875365027,59882070
1683207000,314.01479131,315.17355402,312.0884721,313.13333933,31.633052675839743,50224520
1683293400,315.41124894,320.65044103,313.17453978,319.78879696,31.650233739404378,51806098
1683552600,319.32331109,320.92775177,318.22892408,320.58111335,31.68226798703572,36465796
1683639000,318.90734498,319.77889301,318.23387606,318.55080261,31.632355524100223,31768800
1683725400,321.0069834,322.87883086,318.51118679,322.0171868,31.58587969537306,60446623
1683811800,322.57180827,323.61172352,321.0069834,323.06700601,31.709837430778506,44278548
1683898200,323.60181957,324.02768962,319.83831674,321.90824329,31.5916746612528,48432836
1684157400,322.38363312,323.88903426,320.84852013,323.65133934,31.486550310466217,33375559
1684243800,322.92835064,325.74354979,322.88873482,324.01778567,31.50782503272434,40019151
1684330200,325.08741279,328.52408511,323.89893821,327.93975177,31.45529996137811,47486124
1684416600,328.33590997,334.24857099,328.31610206,334.03068398,31.40564702376512,64213466
1684503000,334.24857099,334.95670376,332.2083563,333.27798342,31.22681222509344,61554926
1684762200,333.02048059,335.41723766,333.01057664,334.39713031,31.280922281140942,43015948
1684848600,332.66393822,333.82270093,329.80169528,330.15823765,31.245791898929525,48216663
1684935000,328.18735064,329.70760771,326.39473482,328.46466138,31.203394915291298,62891169
1685021400,335.88272353,337.73476308,333.43149472,336.45715291,31.169623669371784,66862773
1685107800,337.48716421,345.89066987,337.38812467,345.05378569,31.14026643976348,63006952
1685453400,349.32239022,350.5306727,345.1825371,346.61861055,31.118308279023648,72652156
1685539800,345.02407383,347.23265575,343.18193823,344.64772354,31.191741908573363,65105378
1685626200,344.39022072,349.96614728,343.33049755,348.62911338,30.914200282161243,50488601
1685712600,350.40192129,352.41242412,348.62911338,351.24375745,31.135150032844724,53372113
1685971800,351.02587044,354.06143259,350.45144106,351.49135632,31.0812215303766,47266228
1686058200,350.87731112,352.40252016,349.54027722,351.43193259,31.10420517420004,41390400
1686144600,351.71914728,353.69003429,344.83589869,345.46975179,31.06520456287928,69225936
1686231000,345.76687044,350.2236501,345.53907948,349.75816423,31.01133480763967,47153922
1686317400,351.22394954,354.22484785,349.63931677,351.09519813,31.18863769549004,53196927
1686576600,352.76896649,357.12670661,351.78847496,357.02766706,31.151224860482845,44817646
1686663000,359.80077441,360.6128987,356.57208514,359.77106254,31.11980919685036,57097804
1686749400,359.7809665,362.6729213,356.95833938,362.38570661,31.17998454871762,69525642
1686835800,361.10809644,368.19932809,360.48414729,366.70383091,31.135332927557638,71138823
1686922200,369.1402038,369.26895521,363.95053147,364.39620944,31.40863378880568,80931971
1687267800,362.93233117,365.28278786,360.88921901,363.87449736,31.26061602116052,49204722
1687354200,362.72406286,363.16043456,357.98347933,358.91572797,31.26321740901913,53378256
1687440600,357.65620055,363.30919765,357.24958146,363.15051703,31.071767767594082,47603043
1687527000,359.22317167,361.87115453,357.84731152,359.55045045,31.044652151693718,48922911
1687786200,359.01490336,361.83148437,354.64126876,354.73052661,30.970827111233795,52685478
1687872600,356.2875802,361.56371082,355.55368233,360.82981295,30.95184039573446,49428091
1687959000,358.99506828,363.49763088,358.91949664,361.53395821,30.99091716932648,46498031
1688045400,361.23643204,361.88107206,359.1537489,360.80997788,30.758542503003635,46150967
1688131800,364.51913738,367.43489377,364.20177614,366.37371713,30.69364153746824,58712501
1688391000,367.01835715,367.87126548,365.92742788,367.236543,30.204052348650528,19432862
1688563800,365.65469556,368.94235967,365.61998418,367.22662546,30.323247654761538,34460883
1688650200,363.48771334,364.87616877,361.51412313,364.42987953,30.22560194098011,49374728
1688736600,364.20177614,367.42497623,362.99183641,363.2199398,30.26377416230213,47133749
1688995800,362.94224871,364.02326044,360.41327633,363.33895026,30.469568059628898,48498800
1689082200,363.76540443,365.59221507,361.61329852,365.13402478,30.52676455787699,38214146
1689168600,369.26963845,371.10438312,367.24646054,369.74568031,30.655201890290527,61703696
1689255000,372.94904533,376.8565556,372.36391054,376.02348235,30.74905797331234,46960012
1689341400,376.45489528,379.70288923,375.06148108,375.94414204,30.945217702213853,55148500
1689600600,376.66812237,380.33761171,376.18216297,379.45495076,30.93635330897578,40868915
1689687000,378.81031074,383.93767828,376.86647314,382.55914039,30.92847729340509,55343438
1689773400,383.63023458,384.78066908,381.13101481,382.46988254,30.924478543862108,54092958
1689859800,379.45495076,380.92770527,372.62176655,373.65319058,30.729141615218133,71941674
1689946200,376.05323496,376.78713283,372.09712875,372.5325087,30.701849035400976,60499643
1690205400,373.51434504,374.46642876,371.2531462,373.12756103,30.55220208745988,40380056
1690291800,373.84162382,377.33259746,373.82178874,375.65653341,30.532740495315462,38894384
1690378200,374.6052743,376.11274019,372.08621945,374.40692353,30.642144113965927,47075710
1690464600,379.91115754,381.5376339,372.21514746,373.51434504,30.61818210667816,63940225
1690551000,377.60037101,381.34920066,377.08465899,380.31777663,30.52022104244777,56902926
1690810200,380.62522033,381.70623206,379.18717721,380.51612741,30.510097873082803,44019905
1690896600,379.1574246,380.39711694,377.55078332,379.63346646,30.296206219667013,41308457
1690983000,376.13257527,376.13257527,370.05312401,371.30273389,30.29253796695046,72687107
1691069400,368.87293689,372.84986994,368.70433874,370.70768157,30.14221264398768,47855381
1691155800,372.65151916,374.98214077,368.4663178,368.97211228,30.166142521855832,61702759
1691415000,370.79693942,372.19531238,368.44648273,372.09613699,30.19719222916439,37230444
1691501400,369.56716461,369.58699969,365.7786648,368.93244213,30.131941578112702,44726453
1691587800,369.22005075,369.37873137,364.11251829,364.87616877,30.05158732255161,51150900
1691674200,367.91093563,371.27298128,364.00838413,365.55056141,30.116043980352458,72035265
1691760600,362.97200133,364.96542662,361.68272129,363.2199398,30.106526687583663,48707187
1692019800,362.41661916,367.4150587,361.69263883,367.29604823,30.02054905389614,42130802
1692106200,366.31421189,367.11654078,362.72406286,363.3984555,29.919283546989988,45539891
1692192600,362.85299086,364.40012691,359.45127507,359.55045045,29.94567264685468,53190525
1692279000,360.95874096,361.30585482,355.20656847,355.6231051,29.79280205251407,62604338
1692365400,352.33048223,356.44626082,351.7850176,355.17681586,29.82503493831,61191389
1692624600,356.65452913,361.5835459,356.18840481,360.89923573,29.81431401178067,50696518
1692711000,363.5273835,363.53730104,359.689296,360.38352371,29.797484681315282,44613509
1692797400,361.57362836,367.16712023,361.35544251,366.06627342,29.775982454866423,51770603
1692883800,369.56716461,369.66634,358.03306702,358.24133534,29.88296584445709,66842491
1692970200,359.08432613,362.72406286,355.6231051,361.01824619,29.852865509612805,69960465
1693229400,363.9637552,364.677818,361.24634958,363.73565181,29.85697241072329,40910019
1693315800,363.53730104,372.03663176,363.21101401,371.67960037,29.85638746784718,58492371
1693402200,371.78869329,374.33422797,370.77710434,373.75236597,29.957123193805177,41731511
1693488600,373.83170628,376.5877903,373.76228351,374.87304785,29.892039731725976,35730701
1693575000,377.26317469,377.68962886,372.97889712,374.4763463,30.076639068929733,39801177
1693920600,373.66310812,376.18146874,372.73085947,374.95238816,30.08109321452703,32344222
1694007000,374.1689026,374.51601645,369.62666984,371.64984775,29.93426204692968,42998735
1694093400,367.15720269,369.77543292,366.10594358,368.99194736,29.84708189195659,52060716
1694179800,368.94235967,371.75894068,368.53574058,369.50765938,29.890221954162023,35847359
1694439000,372.56226132,374.37717091,370.57875356,373.86145889,29.862884981884278,39936634
1694525400,372.1754773,373.8433098,369.42831907,369.71592769,30.00934796057995,41391024
1694611800,369.95394862,372.74077701,368.81343166,371.12421819,30.033241207633758,46300677
1694698200,372.8895401,375.15073893,370.80685695,374.15898506,29.908878569801676,48039388
1694784600,372.81019978,373.21681887,366.81008883,367.75225501,29.89050811450944,69811206
1695043800,366.80430619,369.25748132,366.51628158,368.13517853,29.95498901590807,36903545
1695130200,366.80430619,368.15762458,364.30147165,367.35055976,29.932595990652857,37621734
1695216600,368.42320314,368.78075093,361.97741101,362.05686608,29.90817511033984,45514189
1695303000,358.3423418,359.13689245,355.25352616,355.42236817,29.642196974595905,69734845
1695389400,357.18031148,359.33553011,355.15420733,355.47202759,29.660650154937326,51589689
1695648600,354.49870305,357.24983466,353.50551474,357.16044771,29.659585575824,39167985
1695735000,354.55829435,355.10454792,350.80414186,351.79723085,29.56712052767214,53657748
1695821400,352.95926117,354.54836246,348.96664417,352.62157714,29.53129943942981,56065972
1695907800,351.69791202,357.71663317,350.83383819,355.57134642,29.35274585333714,56453312
1695994200,359.07730115,360.47769667,354.58809,355.82957538,29.429512790472348,64829616
1696253400,356.09773622,360.20953582,355.48195947,358.79920842,29.29466333816723,51625054
1696339800,356.33610142,358.55091135,350.86859978,352.50239455,29.35566089863457,60478489
1696426200,353.34660461,358.15363602,352.8798061,357.29949408,29.3600875880455,54786686
1696512600,357.28956219,357.6967694,352.72089597,356.24671447,29.37001696301337,45897390
1696599000,353.22742201,363.41753406,352.43287137,362.21577621,29.50578190492537,75049119
1696858200,359.83212427,364.60936003,358.32247804,364.06310646,29.48809907145972,45304766
1696944600,364.40079049,368.75095528,363.89426445,366.07927873,29.520761167877072,46968806
1697031000,367.42008294,368.88205613,365.6820034,368.69136398,29.618216580015346,38215088
1697117400,369.19789002,371.19419852,364.99670347,367.41015106,29.568319137186375,49587942
1697203800,368.04579158,368.63177268,361.38149803,362.79182543,29.535444467694138,52519876
1697463000,364.12269776,367.95640463,363.97371951,366.89369314,29.521600044384943,44201059
1697549400,363.31821523,367.40021918,361.18286037,365.69193529,29.627544124412072,50999102
1697635800,363.17916887,365.40391068,359.55403154,360.89483576,29.64964228094164,54280490
1697722200,362.32502692,363.52678477,356.71351298,357.51799551,29.467182258100678,72274238
1697808600,357.01146947,357.58751869,351.95614098,352.18457429,29.559451382994478,72559723
1698067800,350.85370195,356.81283181,348.72817965,353.24728578,29.52725041314859,60665185
1698154200,355.07475227,357.45840421,353.36646838,356.68371733,29.589224113088598,47082078
1698240600,354.27026974,354.44904363,347.36761099,347.95359209,29.590887290988036,71190536
1698327000,346.74190236,347.68543125,340.01801751,341.31909419,29.3786507559499,78621425
1698413400,344.07022581,346.46380963,341.73623328,342.9578549,29.386304517816097,63476707
1698672600,345.46068944,348.15222975,344.09008957,346.82135742,29.370338962201732,55298536
1698759000,346.85115307,348.85739345,344.25893158,348.4799819,29.40515330944366,47671906
1698845400,349.32419196,355.09441739,349.22487313,354.5284987,29.360775440387222,58992666
1698931800,359.07730115,361.20272413,357.84574765,360.96435894,29.433124396368285,58162442
1699018200,362.26543562,366.5063497,362.03700231,365.20527302,29.522652708344353,53280457
1699281000,365.9799599,367.26117281,364.41072237,366.69505548,29.664128475948978,38848743
1699367400,367.74783509,371.03528839,366.53117941,370.16128268,29.670502189078306,50777398
1699453800,370.53869423,371.24385793,368.09545099,370.39964787,29.689390281760982,35663373
1699540200,371.09487969,372.24697812,367.05260327,367.54919742,29.69439403585372,53859421
1699626600,369.28727696,375.9615024,368.75095528,375.81252415,29.667105316985115,58368439
1699885800,374.22342286,375.70327344,372.68398098,374.64056195,29.621728664193782,40733505
1699972200,381.09628596,383.62891614,380.56989615,382.70525102,29.650035112411903,67792634
1700058600,384.61217257,385.10876672,381.61770982,382.99327563,29.9499047002784,54141385
1700145000,382.21858874,383.55939296,380.94730771,383.32102777,29.933741353772877,45343544
1700231400,382.58606842,384.43339867,381.67233518,383.41041472,29.99419896979609,46622745
1700490600,383.4203466,388.74383593,383.4203466,388.07839977,30.06908405153745,44536669
1700577000,386.36018399,386.57868542,384.065919,385.82386231,30.18855191933344,43336989
1700663400,387.90955775,390.39252853,386.38997964,387.40303172,30.211617436584202,44178572
1700836200,386.99582451,387.5917375,385.85365795,386.85677815,30.179645900697487,15718832
1701095400,386.36018399,388.48550765,385.63515653,386.51909412,30.265365522047844,34139656
1701181800,385.76427101,388.1181273,385.40672322,387.5321462,30.313645612357377,35491123
1701268200,390.01511697,391.45524002,386.80711873,387.15473464,30.404945013601,38811745
1701354600,387.42289548,387.88969399,383.19191329,386.1814101,30.318014604269163,52834381
1701441000,385.10876672,387.8797621,383.44279265,387.28384912,30.334625424380913,40490068
1701700200,383.46007413,383.96163423,380.05343823,383.68850744,30.529299708374282,51186944
1701786600,381.77165401,385.85365795,381.59288011,384.6519001,30.39724135843226,42932956
1701873000,387.61160126,387.71092009,382.07954238,382.42715829,30.348358874254128,41994072
1701959400,385.42658698,388.60478957,384.32414796,387.77051139,30.276834641459196,49593545
1702045800,386.02249997,389.94559379,385.83389351,389.49865905,30.447134897509336,46687525
1702305000,389.07158808,393.09400073,388.86301853,392.82583988,30.36364202117754,41198021
1702391400,392.86556741,396.07356565,391.72340086,395.95438306,30.306152952269592,39221152
1702477800,396.89791195,401.60562453,396.12312575,400.98984778,30.360527594554508,55408129
1702564200,402.22140128,403.53240985,397.61300753,400.64223187,30.588549197706307,55447808
1702650600,401.42685064,403.77067573,400.82100577,402.57894907,30.842125883801305,62896645
1702909800,402.97528668,406.02051518,402.64687968,405.11490801,30.812381568558248,46609985
1702996200,405.57268746,407.30428798,405.37862878,407.18486725,30.760169891160793,35711855
1703082600,406.37877736,408.48844399,400.95508607,401.13421716,30.74337594339497,54042443
1703169000,405.09500456,406.16979109,402.51750723,405.80157718,30.58996510423495,45568914
1703255400,407.02563962,407.99095715,404.51651066,406.40863254,30.70743931630983,34314003
1703601000,407.2744328,409.57328177,407.17491553,408.89656432,30.61966564023253,22722545
1703687400,409.18117337,410.01506857,408.31491806,409.72880604,30.630455288890136,31980481
1703773800,410.89377008,411.14269402,409.17121642,409.52966689,30.682270060484374,27029152
1703860200,409.50975297,409.86820345,405.82567866,407.75732843,30.694249816837655,42662120
1704205800,404.09316803,404.34209197,398.51727176,400.8571568,30.783830076844904,58026946
1704292200,398.20860608,399.27400054,396.17738672,396.61549286,30.874473334576223,47002803
1704378600,394.73362787,397.87006952,394.35526348,394.57431655,30.731067704594853,39432797
1704465000,394.74358483,397.84019864,393.63836253,395.04229355,30.75255492441512,44922810
1704724200,396.2769563,403.49575057,396.12750236,403.2069988,30.73040373947119,42473796
1704810600,400.18008369,404.93950943,399.98094453,404.00355541,30.750420323608783,39132860
1704897000,404.32217806,407.75234995,403.42605187,406.74171876,30.71794687257188,33962774
1704983400,408.02616629,409.43049559,402.5020462,407.58806015,30.72235604067805,54536198
1705069800,408.6335407,409.4798821,406.39322524,407.79715626,30.80767298627875,39594952
1705415400,406.55253656,409.35044165,405.07890683,407.75732843,30.79339471578574,43903027
1705501800,404.42174763,405.83065713,401.1857364,405.45727122,30.652800759475,54385974
1705588200,408.7530242,411.79487475,407.39897753,411.21239273,30.58391653687762,59562505
1705674600,413.43279428,419.52645234,412.8403553,419.36714102,30.54937433405884,70325123
1705933800,421.58754257,422.89937173,419.30739927,419.91477369,30.53032813904151,44880639
1706020200,420.61176072,421.87629434,418.7597666,421.65724127,30.4909148573329,33003806
1706106600,425.60019649,427.99982327,423.49927843,423.99712631,30.50414215359771,46948016
1706193000,426.51623659,427.19330971,422.15508915,424.51488811,30.50886174634984,44367205
1706279400,422.6131092,424.3754907,421.32866167,421.98582087,30.537763609424296,37137028
1706538600,422.44384092,426.50627963,421.78668172,426.30714048,30.5008897672142,38694724
1706625000,425.26165993,425.83916347,422.55336746,423.46940756,30.49913297486848,36738956
1706711400,419.03856142,421.04976729,414.99603662,415.17526186,30.512909208960235,64010649
1706797800,416.98742815,420.55699745,416.0116463,420.06412805,30.42477902497216,51008622
1706884200,421.97586391,428.38814462,420.97021119,427.16343883,30.59614030253466,59602435
1707143400,427.22318058,427.76085629,423.17069883,426.60584921,30.38091682574889,39889209
1707229800,427.76085629,428.36823071,423.3897519,425.74955085,30.281424377371536,35846134
1707316200,428.5574129,430.96699664,427.2430945,430.1306122,30.35771285216104,37712661
1707402600,430.2500957,431.69385455,429.56306562,430.92716881,30.372132800910492,29889892
1707489000,432.07221894,435.96041089,431.2757619,435.16883276,30.34947538390884,36943905
1707748200,435.05930623,437.2498369,432.77916293,433.46619301,30.32691012396114,33203305
1707834600,425.44088517,429.41371126,423.49977628,426.70541878,30.305762105915054,64491669
1707921000,429.4037543,431.78346717,427.03389882,431.35531799,30.212515221055934,45092722
1708007400,432.05230503,433.10774253,429.473453,432.63976552,30.177470545163985,38796137
1708093800,433.01812991,433.11769949,427.99982327,428.71672422,30.32249908785496,53716475
1708439400,426.70541878,428.2288333,421.67715519,425.480713,30.254556978599176,53999452
1708525800,422.72263574,423.86768586,419.81520411,423.77807324,30.2954599249389,50179697
1708612200,432.61985161,437.22992299,431.84320892,436.18444244,30.2553984611902,53887751
1708698600,437.75764174,438.69359576,433.9142561,434.8999949,30.261346954711602,39853861
1708957800,435.71646543,436.71216119,434.47682421,434.67098488,30.259028909233248,33043238
1709044200,435.78616413,436.10478678,433.15254884,435.71646543,30.292259144401672,33713220
1709130600,433.55580563,434.79046837,432.43066941,433.3964943,30.307545525564468,32938821
1709217000,436.34375376,438.19574788,433.14757036,437.1104395,30.22107008311652,42495152
1709303400,438.00656568,444.65781337,437.94682394,443.69198848,30.204674807050687,43853029
1709562600,443.69198848,444.12013766,441.85990828,442.10883222,30.271551556365534,34325687
1709649000,439.04208927,439.05204623,431.78346717,434.173137,30.275164220329255,57917135
1709735400,438.4247579,440.08756982,435.00952144,436.90134339,30.290623010725927,46234460
1709821800,440.515719,444.79721078,438.96243361,443.53267716,30.332307327629685,44526666
1709908200,443.89112763,446.70894664,436.45328029,437.13035341,30.45963216452469,72095957
1710163800,435.62685281,436.77190294,433.56576258,435.50736932,30.4720112433871,45859992
1710250200,437.8372974,442.10883222,434.58137226,441.75038175,30.433592635947733,55300909
1710336600,440.74472903,440.76464294,437.22992299,438.3550592,30.42014209502889,37928691
1710423000,439.5996789,440.12739765,434.51167356,437.2498369,30.375897461275475,52195208
1710509400,434.19305091,436.98428484,430.87907671,432.05230503,30.31819780217826,73069824
1710768600,437.41967799,439.72277889,435.93412806,436.17341127,30.35053943348762,47323802
1710855000,434.14947412,437.66893133,432.03580577,437.26015585,30.302535770681974,43004105
1710941400,438.46654203,442.78360995,436.75167903,442.4446254,30.223951761335027,43653490
1711027800,447.53936375,447.9979899,444.33895081,444.53835349,30.149217199705507,39345652
1711114200,444.01990653,446.15351515,443.16247503,445.04683031,30.1038996286967,28253899
1711373400,442.22528246,444.9271887,441.21829895,443.43166864,30.00443438166925,27789154
1711459800,444.96706924,445.88930661,441.7666563,441.99596938,30.04969601693997,34142043
1711546200,445.10665111,445.20635245,440.61012079,443.50145958,30.015498433737818,41359240
1711632600,443.45160891,444.30904041,442.32498379,442.68390861,29.965297140388707,36839641
1711978200,443.64104145,446.19339569,441.69686537,443.62110118,29.701177739402,38728951
1712064600,438.76564605,440.1116141,436.72176863,439.79256982,29.783281156925,44259665
1712151000,437.64899107,442.67393848,437.63902093,440.77961306,29.793379042474,39949750
1712237400,444.99697964,445.61512793,433.81048957,434.03980265,29.856847002787,57267660
1712323800,435.47550191,441.84641737,434.65795094,439.15448126,29.866016250981,54744634
1712583000,440.09167383,441.17841841,437.88827428,439.284093,29.814907976249,28144944
1712669400,441.63704457,441.91620831,436.13353074,440.9092248,29.82032852641,39521568
1712755800,435.69484485,437.92815481,434.97699522,437.06075317,29.834283468637,61502191
1712842200,438.94510845,444.99697964,436.65197769,444.0398468,29.723435621742,45474550
1712928600,439.78259969,440.91919494,435.57520325,436.96105184,29.6934323438,53664995
1713187800,440.73973253,440.82946373,428.92512404,429.7725854,29.661585532956,63453622
1713274200,429.61306326,432.46452152,428.41664721,429.81246594,29.690591481243,47618961
1713360600,431.80649269,431.82643296,423.63098301,424.56817559,29.600063509377,56880536
1713447000,425.21623428,426.96100769,421.56716533,422.14543309,29.471304428997,46549363
1713533400,420.95898717,421.48740426,411.83631479,413.41159592,29.446341391135,75230990
1713792600,416.0636515,419.92209326,412.70371643,417.56914169,29.492105183245,47807663
1713879000,419.51331778,425.00686147,417.62048788,423.80047529,29.474105013076,44384741
1713965400,426.92112715,428.44655762,422.93307365,425.23617455,29.502287098737,48440305
1714051800,417.98788731,424.04972863,416.8911726,423.182327,29.331468474665,57392169
1714138200,426.34285939,431.25813533,425.64495003,429.7127646,29.355491138461,41874907
1714397400,431.83640309,432.46452152,428.69581096,431.45753801,29.22598485036,30022161
1714483800,429.86231661,431.26810547,423.2421478,423.32190887,29.281364588741,43665934
1714570200,421.88620961,428.8553331,419.4036463,420.26107781,28.8547240196,52251707
1714656600,424.02978836,426.53229194,419.3737359,425.62500976,29.06520080221,36559007
1714743000,433.14249061,435.1763979,431.32792627,434.17938452,29.142504641454,48515252
1715002200,435.99394886,439.02486952,435.21627843,438.93513832,29.17487155454,30227200
1715088600,439.38379434,440.65000132,438.26713936,439.00492926,29.159664797692,30996094
1715175000,436.36284381,440.16146477,436.24320221,438.74570578,29.100299495808,24896723
1715261400,439.01489939,440.28110638,437.15048438,439.70283862,29.09797470279,24580121
1715347800,441.21829895,442.98301262,439.18339465,440.73973253,29.15703621047,27116566
1715607000,442.66396834,442.76366968,440.33095704,441.75668617,29.099302031922,22994192
1715693400,441.32797042,445.13157645,441.13853788,444.59817429,29.099003771256,34478321
1715779800,447.09070773,451.79661086,445.56527726,451.54735751,29.14979872605,41464651
1715866200,451.35792497,453.33201145,450.46061293,450.63010521,29.317938943302,34780412
1715952600,450.75971695,451.36789511,448.19729287,450.41076227,29.322684835586,35803719
1716211800,450.63010521,454.21935336,450.4356876,453.5513544,29.252774702484,24474226
1716298200,451.68693939,454.62812884,451.48753671,454.4386963,29.175862256546,23167720
1716384600,454.69791978,455.45564994,451.72681992,454.3489651,29.170799339718,25120040
1716471000,459.17450983,459.20442023,450.50079257,452.30508768,29.168640865952,40899230
1716557400,453.93021948,457.85845218,452.21276424,456.58227506,29.175881927998,29669461
1716903000,457.80860151,458.366929,455.3260382,458.3071082,29.28424700462,26216815
1716989400,454.11965202,456.87140894,453.98007015,455.07678486,29.296999861424,29739238
1717075800,454.13959229,454.27917416,448.86539153,450.20138946,29.179524163232,30714121
1717162200,450.43070253,451.1286119,441.73176084,449.36389822,29.257351815754,55941301
1717421400,453.21236985,454.21935336,446.56229064,451.77667059,29.231978898536,32997467
1717507800,451.51744711,454.21436829,449.78374055,453.01296717,29.385733738085,23767436
1717594200,456.61218546,462.22537076,453.05085368,462.14560969,29.41442999737,33817409
1717680600,462.83354892,463.1525932,460.80961177,461.98608755,29.333300576284,21966820
1717767000,461.6171926,464.34900925,460.46065708,461.57731206,29.365668152775,25829720
1718026200,460.44071682,463.80065189,460.15158294,463.44172708,29.19292472471,20719771
1718112600,462.15557982,466.74184135,460.65008963,466.62219974,29.147421892926,22053281
1718199000,470.58034284,475.07687316,469.88243348,472.73389173,29.12288432013,34532585
1718285400,476.29322948,476.96122844,473.00308534,475.2962161,29.164872815568,25859014
1718371800,475.09681343,477.82863008,474.62821714,477.75883914,29.118681789234,23372620
1718631000,478.02803275,485.40593173,476.7119751,483.61130765,29.096826398136,37054504
1718717400,483.56145698,484.44879889,481.98617585,483.76085966,29.164824886503,24438565
1718890200,484.96724584,485.38469534,478.18755489,480.03202964,29.108917823558,33918683
1718976600,479.75286589,481.09384888,477.24039219,478.74588238,28.986196639961,39432913
1719235800,477.50911824,479.25666301,473.15523528,473.29503886,28.907138581104,37750969
1719322200,475.40207855,479.00701376,474.45341139,478.70743465,28.948091618626,29250209
1719408600,477.87859914,480.24527405,477.45918839,479.69604569,28.893618873833,22737105
1719495000,479.44639644,482.42221553,478.62754689,480.93430599,28.718796353631,26222135
1719581400,481.73318359,486.51646327,477.7887254,478.43781346,28.723091166283,34881581
1719840600,479.36650868,481.81307135,475.586819,481.24387106,28.58838062336,24898336
1719927000,479.73598957,486.35668775,479.60617196,486.29677193,28.77907516484,26723559
1720013400,485.5378382,490.4808934,485.5378382,490.35107579,28.778651371615,18064880
1720186200,491.19988325,495.90327517,490.90030415,495.46389248,28.872661701075,28495936
1720445400,495.83337338,497.19645829,494.80481846,496.64223695,28.93369899679,22109420
1720531800,498.17009038,499.298505,495.54378024,497.07163367,28.904271335585,25701253
1720618200,499.00891187,502.81356648,497.69076381,502.25435215,28.87816577759,28046901
1720704600,502.36419782,502.57390319,490.03651773,491.23982713,28.89891106023,49966590
1720791000,491.8190134,498.91903814,491.3496728,494.12577249,29.05525253142,37109399
1721050200,495.91326114,500.30708798,493.39679667,495.45390651,29.11518540929,31151386
1721136600,496.92184412,497.74069366,492.45811548,495.64363994,29.074255608775,25950622
1721223000,487.59494804,488.11262073,481.02417972,481.09408151,29.0678123538,56268768
1721309400,484.84880627,485.02855373,475.60179795,478.81728032,29.13648501182,49347361
1721395800,478.47775734,481.01419375,473.27506692,474.57324303,29.058251196545,42042856
1721655000,480.48493733,482.67186478,477.03658214,481.64330986,29.017121589155,40299999
1721741400,480.73458658,483.75034955,479.46636838,479.94569495,29.02574251644,23282454
1721827800,473.15523528,473.52471617,461.8611031,462.72988249,29.041281654955,58818629
1721914200,463.06940548,467.28348486,454.99075567,457.62705177,29.04009703661,59256759
1722000600,462.00090668,465.27630487,459.12494729,462.32045772,29.09364974565,39992132
1722259800,465.05661353,467.25352695,460.96735877,463.24915294,29.07044559277,28218476
1722346200,465.19641711,465.90641958,453.51283209,456.88808999,29.031075968195,41317210
1722432600,467.21358307,472.12668036,465.75563143,470.4090935,29.10100951523,44552134
1722519000,471.09812544,474.88280811,455.34026462,459.01510162,29.242889219638,56653900
1722605400,450.25740584,452.93364583,443.84641303,448.12040824,29.257153554133,66323244
1722864600,424.11413612,441.66947155,422.85590388,434.75918024,29.537191244832,87483452
1722951000,436.61657068,446.44276526,433.95031667,438.91334381,29.708519495102,63164429
1723037400,445.86357899,448.37005749,433.76058323,434.16002204,29.667945352416,54929163
1723123800,440.44119723,448.36007152,436.53668292,447.44136227,29.585648884555,47890071
1723210200,446.11322825,451.42576434,444.98481363,449.77807927,29.563394073791,33573976
1723469400,450.75670434,453.73252343,447.92528238,450.74671837,29.582758040562,27795006
1723555800,455.1804891,462.20062608,455.04068552,461.93100489,29.51710611911,40084457
1723642200,462.85970011,464.4567563,457.75686938,462.08079444,29.616880890752,34733746
1723728600,468.10233441,474.15383229,467.72286754,473.75439348,29.591476868461,38280565
1723815000,471.95691887,475.74160153,470.98827977,474.36353766,29.50166532759,38383623
1724074200,474.50334124,480.63472688,472.70586662,480.594783,29.57222760475,23737674
1724160600,479.67607375,482.26244001,477.87859914,479.58620002,29.684526299,29209340
1724247000,480.37509166,483.69043373,478.64751883,481.82305733,29.792349012494,25658787
1724333400,484.15977433,484.85879224,473.14524931,474.1837902,29.823867300124,37739576
1724419800,478.56763107,482.06272061,474.61318691,479.3265648,29.730484856877,36061508
1724679000,478.77733644,479.70603166,472.57604901,474.67310273,29.931913037356,27452641
1724765400,473.02541767,477.16959526,471.04819559,476.09111049,29.859023516936,27510003
1724851800,475.62176989,476.35074571,467.23355501,470.68870066,29.921100229076,37372436
1724938200,472.61599289,477.25946899,468.71347578,469.99966873,29.769125327594,41081465
1725024600,474.37352363,476.23091407,469.84987918,475.60179795,29.735878725294,33466473
1725370200,472.53610513,472.66592274,458.76555222,461.16208519,29.661890404524,44985219
1725456600,458.02649058,463.79838129,457.08780939,459.96376878,29.78051582602,32505102
1725543000,458.32606968,464.70710457,457.29651616,460.39316549,29.900694618742,34452385
1725629400,459.68416161,460.57291295,447.56119391,448.06049242,30.000495663298,50624385
1725888600,452.42436135,454.82099417,449.19233023,453.82239716,29.971661744032,32981169
1725975000,455.59989984,458.52578908,451.59552583,458.01650461,29.878433011811,29680319
1726061400,459.26475087,468.71147858,450.64685867,467.96253083,29.889335931515,57842992
1726147800,467.99248874,473.37492662,466.19411538,472.55607707,29.86480319812,40175456
1726234200,471.81711528,475.86143318,471.58743797,474.67310273,29.942481228852,29111849
1726493400,472.52611916,473.1950793,469.23074903,472.57604901,30.002698510784,22585596
1726579800,475.62176989,476.92993198,470.3092338,472.82569826,30.114144740114,30084438
1726666200,474.03400065,478.1582063,470.16943022,470.77857439,30.012962091846,39909215
1726752600,481.932903,485.54782417,479.81587733,482.68185075,29.956594969654,52782523
1726839000,481.81307135,483.01138777,477.62894988,481.7631415,29.99769872841,34577663
1727098200,482.95,484.14,481.6,483.04,29.906963506332,24842972
1727184600,484.46,486.33,480.17,485.37,29.856166213128,25952637
1727271000,484.74,487.79,484.56,485.82,29.939329251363,26549866
1727357400,493.37,493.7,485.8,489.47,29.746471587379,32020206
1727443800,490.5,490.64,485.56,486.75,29.805129471064,22851120
1727703000,485.78,488.41,482.92,488.07,29.839962770248,30330605
1727789400,487.7,488,477.4,481.27,29.732474889616,42735424
1727875800,480.36,483.88,477.72,481.95,29.733129115708,23744049
1727962200,479.74,484.545,478.99,481.59,29.56643519764,25337220
1728048600,487.45,487.88,482.385,487.32,29.550523862144,30744909
1728307800,485.39,486.57,480.87,482.1,29.472138880134,24975119
1728394200,484.66,489.99,483.845,489.3,29.481650231785,28272017
1728480600,489,493.73,487.95,493.15,29.43437520913,24994950