time,close,Plot
1514385000,156.54,23.90936463532972
1514471400,156.73,23.84861437740696
1514557800,155.76,23.91823763917368
1514903400,158.49,23.80605165508838
1514989800,160.03,24.072033953264
1515076200,160.31,24.01402945429394
1515162600,161.92,24.09232876120392
1515421800,162.55,24.08251771765266
1515508200,162.56,24.03721112970595
1515594600,162.18,24.01174189094547
1515681000,163.29,24.089641028803136
1515767400,164.49,24.18249333723395
1516113000,164.02,24.42071104670986
1516199400,165.79,24.4137973816015
1516285800,165.82,24.31459778110066
1516372200,166.34,24.376007108271338
1516631400,168.12,24.40100311505742
1516717800,169.51,24.41930662795968
1516804200,168.41,24.45727136761999
1516890600,168.35,24.60617782547988
1516977000,170.93,24.64860030169344
1517236200,170.1,24.714959822365667
1517322600,168.7,24.65213701086545
1517409000,169.4,24.66776896796556
1517495400,167.96,24.579294973468077
1517581800,164.61,24.6512222808968
1517841000,158.12,24.528578830196683
1517927400,162.31,24.498062357775
1518013800,160.21,24.50826226245476
1518100200,153.45,24.517188154882763
1518186600,156.1,24.491047778817
1518445800,158.87,24.50657444377356
1518532200,159.69,24.523772391205316
1518618600,162.68,24.570144118010038
1518705000,165.7,24.731050994488957
1518791400,164.96,24.82306092327732
1519137000,165.29,24.748651756330762
1519223400,164.82,24.66076685858064
1519309800,164.8,24.554854218587963
1519396200,168.17,24.643446178467045
1519655400,170.4,24.67065807362368
1519741800,168.29,24.710402246006918
1519828200,167.21,24.61679300512264
1519914600,164.48,24.74478113632868
1520001000,165.99,24.8018416413751
1520260200,167.83,24.875386059722203
1520346600,168.54,24.863370251037797
1520433000,168.93,24.95630154447048
1520519400,169.86,24.947425167073316
1520605800,173.16,24.86254155413646
1520861400,174.08,24.87255752254946
1520947800,171.71,24.90801743663496
1521034200,171.68,24.945343400971158
1521120600,171.53,24.892160663763097
1521207000,171.02,24.839867656908382
1521466200,167.1,24.830971525745678
1521552600,167.65,24.85621303337708
1521639000,166.92,24.770517450833438
1521725400,162.8,24.810461009024344
1521811800,158.51,24.80264150648832
1522071000,164.4,24.88184425297488
1522157400,159.08,24.94608714199034
1522243800,157.25,24.900411888714984
1522330200,160.13,24.74612829297854
1522675800,155.51,24.77192308020024
1522762200,157.26,24.78333767873619
1522848600,159.74,24.71116825381101
1522935000,160.65,24.71135401971999
1523021400,156.63,24.653916438344442
1523280600,157.73,24.68917653232599
1523367000,161.21,24.68307128867723
1523453400,160.28,24.688603203283083
1523539800,162.21,24.740954591570453
1523626200,161.37,24.66490878475626
1523885400,162.6,24.699429871210622
1523971800,166.1,24.747009920043524
1524058200,166.44,24.73282126531817
1524144600,164.91,24.749618261730017
1524231000,162.3,24.708328311946026
1524490200,161.89,24.629252138960172
1524576600,158.46,24.497605044929692
1524663000,158.65,24.519535838555743
1524749400,161.99,24.32381968505803
1524835800,162.09,24.288859668099814
1525095000,160.94,24.338938646741372
1525181400,162.78,24.26065499468244
1525267800,161.82,24.18184248816544
1525354200,161.8,24.05990380619636
1525440600,164.87,24.13167452263762
1525699800,166.24,24.118048024582322
1525786200,166.07,24.0798026637583
1525872600,167.88,24.04339361932052
1525959000,169.62,24.05679478010526
1526045400,169.46,24.141521846583263
1526304600,169.75,24.164460275863263
1526391000,167.87,24.137807943074762
1526477400,168.98,24.00781618718722
1526563800,168.33,24.003953122974398
1526650200,167.46,23.97514184071364
1526909400,168.4,23.93115506194512
1526995800,168.18,23.95012496572082
1527082200,169.6,23.982254749951398
1527168600,169.55,23.97811412022056
1527255000,169.72,24.02025301119782
1527600600,168.97,23.93122829658406
1527687000,170.18,23.901127611867057
1527773400,170.07,23.94992982213252
1527859800,172.74,24.097130646447287
1528119000,174.3,24.054295029283917
1528205400,174.84,24.08015752488966
1528291800,175.86,24.09019527266582
1528378200,174.43,24.11834869721635
1528464600,174.44,24.138748053058627
1528723800,174.91,24.17380811227504
1528810200,175.83,24.14882495242158
1528896600,175.82,24.11587450470291
1528983000,177.6,24.16375072358752
1529069400,176.98,23.997716530093882
1529328600,176.5,23.99127577579328
1529415000,176,23.996005183237017
1529501400,177.25,23.95569127077612
1529587800,175.71,23.85298097583355
1529674200,175.32,23.87733407252121
1529933400,171.37,23.904796530737794
1530019800,172.07,23.897964508647007
1530106200,169.73,23.81294930830286
1530192600,171.19,23.66082511522636
1530279000,171.65,23.64510888502067
1530538200,172.8,23.7474893415071
1530624600,170.8,23.7201638224689
1530797400,172.92,23.825096120662103
1530883800,175.61,23.821215493209397
1531143000,177.19,23.8763514989933
1531229400,177.32,23.8914128658487
1531315800,176.42,23.889613749064253
1531402200,179.46,23.740160708954352
1531488600,179.61,23.7206110463791
1531747800,179.18,23.72666513211815
1531834200,180.27,23.753747712357647
1531920600,179.93,23.6851100867373
1532007000,179.03,23.6473902841229
1532093400,178.99,23.61526203018975
1532352600,179.56,23.73900880137485
1532439000,180.3,23.7081896123806
1532525400,182.82,23.71309787854275
1532611800,180.05,23.77245287180605
1532698200,177.62,23.671937165537898
1532957400,175.11,23.693699143262453
1533043800,176.45,23.724911963393602
1533130200,177.12,23.739832404305897
1533216600,179.53,23.69206245110811
1533303000,180.08,23.628354382920474
1533562200,181.14,23.64190742636933
1533648600,181.8,23.59868045746805
1533735000,182.02,23.63411108041855
1533821400,181.91,23.664108973197063
1533907800,180.52,23.60433096408741
1534167000,180.32,23.50883654561684
1534253400,181.45,23.47410062871846
1534339800,179.23,23.44150852827196
1534426200,179.82,23.36147623669145
1534512600,179.86,23.406413667836098
1534771800,179.7,23.468301344339462
1534858200,180.36,23.526343552434287
1534944600,181.06,23.56098700299913
1535031000,180.8,23.559555063085543
1535117400,182.48,23.43912475641029
1535376600,184.34,23.55728737120264
1535463000,184.61,23.603410218432103
1535549400,186.74,23.600866610339757
1535635800,186.41,23.58259640582514
1535722200,186.65,23.566522878429762
1536067800,185.85,23.63970467000272
1536154200,183.45,23.579836885838244
1536240600,181.81,23.631362305887492
1536327000,181.11,23.6730695664072
1536586200,181.72,23.613552975984476
1536672600,183.12,23.610403066133028
1536759000,182.58,23.58376548347329
1536845400,184.53,23.65599721644346
1536931800,183.99,23.668815862991817
1537191000,181.34,23.61828802878437
1537277400,182.84,23.681531912850392
1537363800,182.7,23.637059733613462
1537450200,184.72,23.63359250777184
1537536600,183.71,23.69989524606315
1537795800,183.89,23.67379457858924
1537882200,184.14,23.66200367843391
1537968600,184.27,23.66790353980991
1538055000,185.83,23.62001820022815
1538141400,185.79,23.50185506511874
1538400600,186.17,23.43535198005527
1538487000,185.75,23.45779592020124
1538573400,185.95,23.465178580794245
1538659800,182.38,23.37414856459927
1538746200,180.15,23.412616509426996
1539005400,179.05,23.44547458984771
1539091800,179.63,23.419603463849914
1539178200,171.73,23.4599478029785
1539264600,169.6,23.5236309056167
1539351000,174.32,23.59894848614525
1539610200,172.21,23.56216987709994
1539696600,177.22,23.61449244577141
1539783000,177.29,23.5996528543232
1539869400,173.18,23.524668083615904
1539955800,173.02,23.4823311600692
1540215000,173.91,23.513205967885117
1540301400,173.27,23.467873251249525
1540387800,165.34,23.489751637503513
1540474200,171.06,23.397371176686082
1540560600,166.66,23.383800073130544
1540819800,163.23,23.431003980037698
1540906200,165.92,23.353394375344116
1540992600,169.82,23.308702795565612
1541079000,172.06,23.18511493676866
1541165400,169.38,23.32511268336539
1541428200,168.96,23.308923841426576
1541514600,170.24,23.29259282097761
1541601000,175.58,23.287606117847552
1541687400,174.46,23.349380012278065
1541773800,171.52,23.26723498606317
1542033000,166.33,23.240944136719783
1542119400,166.47,23.15614877303893
1542205800,165.2,23.19837400035054
1542292200,168.09,23.21043963866577
1542378600,167.5,23.231911053462174
1542637800,162.06,23.32653220869161
1542724200,159.16,23.36207481320513
1542810600,160.37,23.29469439324773
1542983400,159.21,23.28414170187484
1543242600,162.89,23.235091843241204
1543329000,163.44,23.189508060531033
1543415400,168.7,23.164448068937123
1543501800,168.15,23.21289885506027
1543588200,169.37,23.24573407997886
1543847400,172.33,23.243231787759637
1543933800,165.72,23.326050771936576
1544106600,166.89,23.347562045748568
1544193000,161.38,23.36164328435446
1544452200,163.07,23.363957487365596
1544538600,163.61,23.27413487992064
1544625000,165.05,23.264315548934395
1544711400,165.1,23.337903269668193
1544797800,161.08,23.310049298858967
1545057000,157.43,23.260206925197153
1545143400,158.42,23.322857109941012
1545229800,154.53,23.337264957464097
1545316200,152.29,23.32190573677928
1545402600,147.57,23.42566049736783
1545661800,143.5,23.35606446006309
1545834600,152.46,23.44369598965195
1545921000,153.05,23.33487076259302
1546007400,152.97,23.4189060099942
1546266600,154.26,23.44629437369592
1546439400,154.88,23.64061769505266
1546525800,149.82,23.64287863876038
1546612200,156.23,23.74434911359304
1546871400,158.09,23.776664220734723
1546957800,159.52,23.828207897436762
1547044200,160.82,23.805785671718578
1547130600,161.28,23.94649162838694
1547217000,160.69,23.91453132756544
1547476200,159.27,23.92994185686472
1547562600,162.38,23.947447458765918
1547649000,162.35,23.88707377938348
1547735400,163.63,23.8654454272603
1547821800,165.25,23.838103836682222
1548167400,161.94,23.766519503026263
1548253800,162.15,23.75471340345186
1548340200,163.2,23.75738892046598
1548426600,165.15,23.72382571538894
1548685800,163.11,23.83768150246346
1548772200,161.57,23.85479366242672
1548858600,165.68,23.868017818368564
1548945000,168.16,23.92885010814712
1549031400,167.45,23.848694162097384
1549290600,169.53,23.75825686461382
1549377000,171.03,23.718282262896484
1549463400,170.52,23.6978779218845
1549549800,168.23,23.69649651537658
1549636200,168.56,23.689557441377943
1549895400,168.4,23.680787985859542
1549981800,170.89,23.57442019050954
1550068200,171.01,23.624978260250955
1550154600,171.22,23.5540318195469
1550241000,171.94,23.58628515615034
1550586600,172.28,23.60678431354986
1550673000,172.25,23.65573090421348
1550759400,171.62,23.651473811484337
1550845800,172.89,23.640435813730942
1551105000,173.52,23.642762093901663
1551191400,173.7,23.669370161517577
1551277800,173.59,23.69993429750268
1551364200,173.19,23.71798601040072
1551450600,174.39,23.61688840741684
1551709800,174.42,23.558433806866788
1551796200,174.55,23.55607979189187
1551882600,173.56,23.53118924919791
1551969000,171.43,23.608295536497288
1552055400,171.17,23.53046019828816
1552311000,174.73,23.573536947891732
1552397400,175.69,23.59378750313716
1552483800,177.01,23.630432161906704
1552570200,176.71,23.64701823706521
1552656600,178.35,23.590643332351398
1552915800,178.45,23.631883667506898
1553002200,179.05,23.63882485591049
1553088600,179.76,23.65708011618682
1553175000,182.57,23.677056457287488
1553261400,178.56,23.632075815259398
1553520600,178.22,23.577792972099527
1553607000,179.05,23.612730357836423
1553693400,177.9,23.54584840877446
1553779800,178.31,23.48582984398173
1553866200,179.66,23.46974233427354
1554125400,182.04,23.370188542238058
1554211800,182.73,23.36796379359207
1554298200,183.78,23.35651593811454
1554384600,183.71,23.360647693382667
1554471000,184.66,23.33244063697887
1554730200,185.13,23.317031678173507
1554816600,184.48,23.36718571865377
1554903000,185.47,23.386940269602086
1554989400,185.03,23.45345748493941
1555075800,185.83,23.394236045958962
1555335000,185.86,23.41306469954987
1555421400,186.5,23.41627326819729
1555507800,187.15,23.39013532792045
1555594200,187.39,23.380442738053546
1555939800,187.92,23.34614307049256
1556026200,190.31,23.34103772963636
1556112600,189.71,23.311721794591186
1556199000,190.48,23.138891713228187
1556285400,190.65,23.14465232308374
1556544600,191.02,23.155543540365848
1556631000,189.54,23.171201630230346
1556717400,188.93,23.274112087199022
1556803800,188.11,23.21376426232907
1556890200,191.11,23.17397834227044
1557149400,189.94,23.218568521289072
1557235800,186.24,23.196690160687147
1557322200,185.77,23.19082631829182
1557408600,184.77,23.252980822669098
1557495000,185,23.24076840957718
1557754200,178.58,23.24394073965514
1557840600,180.54,23.21885451851581
1557927000,183.09,23.194760999373397
1558013400,184.93,23.18885602223552
1558099800,183.04,23.138599609200924
1558359000,179.95,23.07067479217959
1558445400,181.83,23.085132090824423
1558531800,181.02,23.08731616655611
1558618200,178.25,23.13065991549266
1558704600,178.16,23.17419799032403
1559050200,177.49,23.207832722146147
1559136600,176.03,23.19127015585108
1559223000,176.77,23.19503333978651
1559309400,173.95,23.20481827392628
1559568600,170.12,23.474270237331698
1559655000,174.91,23.543974484952308
1559741400,176.21,23.55480631451916
1559827800,177.61,23.546904112109086
1559914200,181.04,23.57903355910495
1560173400,183.15,23.629466322526433
1560259800,183.4,23.58170968739109
1560346200,182.34,23.6084536206093
1560432600,183.42,23.60958931867605
1560519000,182.64,23.610552483611322
1560778200,183.74,23.53416376703464
1560864600,186.41,23.538246367864648
1560951000,187.11,23.55152324019683
1561037400,188.85,23.58212436066263
1561123800,188.57,23.71340829365239
1561383000,188.16,23.748583053946334
1561469400,184.93,23.785710780169794
1561555800,185.79,23.76050474357988
1561642200,186.5,23.668278478223513
1561728600,186.74,23.661489214380932
1561987800,189.26,23.716194830310084
1562074200,190.01,23.679836908637142
1562160600,191.44,23.69010789054584
1562333400,191.05,23.69016577673818
1562592600,189.71,23.575032497078883
1562679000,190.66,23.57030947263326
1562765400,192.56,23.55001185417986
1562851800,192.42,23.665817754321903
1562938200,193.53,23.669499919879218
1563197400,194.15,23.71776122717244
1563283800,193.15,23.71069726501896
1563370200,192.2,23.65795409886082
1563456600,192.42,23.688720006685298
1563543000,191.01,23.75252442240886
1563802200,192.53,23.693013146151397
1563888600,193.79,23.681633930707278
1563975000,195.15,23.618722612101923
1564061400,193.3,23.63994318676126
1564147800,195.29,23.60762632625792
1564407000,194.62,23.58057792108782
1564493400,193.78,23.560657582519198
1564579800,191.1,23.57824550464092
1564666200,190.15,23.43002440477499
1564752600,187.35,23.48017753750578
1565011800,180.73,23.47662654992286
1565098200,183.26,23.46425148171818
1565184600,184.25,23.442944656165732
1565271000,188.26,23.48716887063873
1565357400,186.49,23.503042888923225
1565616600,184.35,23.493529919411724
1565703000,188.39,23.507765558890227
1565789400,182.76,23.438667620947662
1565875800,182.55,23.452863143129807
1565962200,185.48,23.42087423648658
1566221400,188.43,23.38347137669057
1566307800,186.97,23.332713467345442
1566394200,188.63,23.368168941375057
1566480600,188.02,23.335904231690062
1566567000,182.07,23.324628333922877
1566826200,184.82,23.40488021698813
1566912600,184.43,23.29536532768249
1566999000,185.09,23.30818212476695
1567085400,187.92,23.241267303488858
1567171800,187.47,23.22376962297729
1567517400,185.65,23.308540203499465
1567603800,188.33,23.34118810570533
1567690200,191.78,23.41217767911175
1567776600,191.59,23.38258787813471
1568035800,191.19,23.418722177750027
1568122200,190.64,23.39527794793418
1568208600,192.43,23.393364071953542
1568295000,193.23,23.32252949263981
1568381400,192.54,23.37677659022707
1568640600,191.68,23.39124762868187
1568727000,192.6,23.35241831068909
1568813400,192.52,23.369350952312193
1568899800,192.84,23.318079052114886
1568986200,190.8,23.34281677187974
1569245400,190.5,23.351103408539917
1569331800,187.97,23.31844301470809
1569418200,190.08,23.365448815198
1569504600,189.38,23.22523945450947
1569591000,187.03,23.195004676067274
1569850200,188.81,23.179015733289106
1569936600,187.27,23.136927240373485
1570023000,184.05,23.170092593258538
1570109400,186.07,23.2770079592977
1570195800,188.81,23.308586353266378
1570455000,188.24,23.391738457933325
1570541400,185.42,23.35571839748708
1570627800,187.23,23.3541273237903
1570714200,188.68,23.365858731199122
1570800600,191.11,23.39904145456604
1571059800,191.09,23.42293617128396
1571146200,193.52,23.427222002599922
1571232600,193.04,23.393467470297917
1571319000,193.55,23.429970815691018
1571405400,191.69,23.48539277892796
1571664600,193.39,23.524410337294263
1571751000,191.85,23.49804914592176
1571837400,192.22,23.495753143863244
1571923800,194.09,23.448973187924324
1572010200,195.64,23.440744994990222
1572269400,197.57,23.43285289436968
1572355800,196.04,23.43887857122274
1572442200,196.99,23.441667333972923
1572528600,197.08,23.522663554890997
1572615000,198.87,23.55280858678395
1572877800,200.1,23.570031551565897
1572964200,200.21,23.51912976479975
1573050600,199.76,23.485678388913353
1573137000,200.43,23.5054028657323
1573223400,201.23,23.49720369858535
1573482600,200.96,23.45741752078075
1573569000,201.54,23.46737128741975
1573655400,201.59,23.45175199046555
1573741800,201.43,23.44732343240355
1573828200,202.91,23.477767425331546
1574087400,203.07,23.501987626938103
1574173800,203.37,23.469392008210097
1574260200,202.15,23.4823948902132
1574346600,201.7,23.4611619716117
1574433000,201.83,23.4527555878817
1574692200,204.22,23.443728146543553
1574778600,204.61,23.4335057493408
1574865000,206.04,23.425429116962352
1575037800,205.1,23.44188249990825
1575297000,203,23.562492841285916
1575383400,201.41,23.62118224053484
1575469800,202.43,23.633225934729083
1575556200,202.83,23.663914620307597
1575642600,205,23.70064959017952
1575901800,204.07,23.7145691341652
1575988200,203.9,23.716691327685922
1576074600,204.98,23.728901559582475
1576161000,206.51,23.81111333281928
1576247400,207.19,23.83021379333996
1576506600,209.27,23.83471860863392
1576593000,209.39,23.8474515787662
1576679400,209.55,23.84033649285552
1576765800,210.86,23.82904337987036
1576852200,211.71,23.8418548439414
1577111400,211.81,23.773144350257482
1577197800,211.92,23.78467513533072
1577370600,213.79,23.80803922131404
1577457000,213.61,23.80018104122664
1577716200,212.21,23.875365723590722
1577802600,212.61,23.927566535157244
1577975400,216.16,23.951227384359058
1578061800,214.18,23.949810848085527
1578321000,215.56,23.917979076729377
1578407400,215.53,23.920816865208348
1578493800,217.15,23.913404320095847
1578580200,218.99,23.851586589020513
1578666600,218.43,23.834785885065767
1578925800,220.95,23.850917360553122
1579012200,220.08,23.842632602908072
1579098600,220.17,23.846530794795704
1579185000,222.28,23.88886952127635
1579271400,223.38,23.87844774466627
1579617000,223.28,23.84492286471306
1579703400,223.87,23.81729504428414
1579789800,224.59,23.760185828318523
1579876200,222.7,23.73037518897143
1580135400,218.1,23.749312652800423
1580221800,221.45,23.743869070881857
1580308200,221.81,23.73999681872049
1580394600,222.6,23.70571034121052
1580481000,219.07,23.706877989446387
1580740200,222.38,23.910537751315356
1580826600,227.47,23.807405761467923
1580913000,228.22,23.79128701001187
1580999400,230.19,23.805437273604596
1581085800,229.2,23.772457609153633
1581345000,231.97,23.71431988149489
1581431400,232.01,23.714453476391025
1581517800,234.27,23.74361792650696
1581604200,233.97,23.71835843904084
1581690600,234.64,23.70620527328501
1582036200,234.73,23.71448029591173
1582122600,236.98,23.65880696312512
1582209000,234.78,23.570844160436025
1582295400,230.27,23.48019284537661
1582554600,221.39,23.553560417990617
1582641000,215.37,23.57589648710075
1582727400,216.48,23.634493800285227
1582813800,205.64,23.580550926511833
1582900200,205.8,23.68425685459635
1583159400,216.42,23.713770132160892
1583245800,209.48,23.792801379838814
1583332200,218.22,23.871167955758953
1583418600,211.59,23.997359068841643
1583505000,208.02,24.10717126466771
1583760600,193.57,24.189485602532834
1583847000,204.11,24.34655932505571
1583933400,195.22,24.13040332786053
1584019800,177.32,24.171099623261913
1584106200,192.34,23.990618666386702
1584365400,169.3,23.81131466302806
1584451800,182.14,23.926905999977482
1584538200,176.6,23.69499814728579
1584624600,177.66,23.90494911243821
1584711000,170.7,23.6001610715356
1584970200,170.46,23.852261407250392
1585056600,183.66,23.810881861623436
1585143000,182.3,23.892612726430404
1585229400,191.9,24.466077012840632
1585315800,185.3,24.669961561230995
1585575000,192.04,24.86773663097912
1585661400,190.4,24.761377397555577
1585747800,182.31,25.234573354464008
1585834200,186.01,25.80667499912759
1585920600,183.37,25.761262525832127
1586179800,196.48,25.86037249448974
1586266200,196.4,25.837219274224797
1586352600,200.57,26.039858417612816
1586439000,200.86,26.085311859276505
1586784600,203.03,26.27142728824732
1586871000,211.86,26.30653485486024
1586957400,209.43,26.405324800392105
1587043800,213.25,26.39707123237852
1587130200,215.29,26.32047661113716
1587389400,212.74,26.40677617313684
1587475800,204.89,26.331228793298596
1587562200,210.97,26.291391281464993
1587648600,210.52,26.501639863755308
1587735000,213.84,26.505305606129834
1587994200,215.56,26.59786460776765
1588080600,211.5,26.600062845531742
1588167000,219,26.654992849493194
1588253400,218.91,26.761389574434777
1588339800,212.74,27.060304258136302
1588599000,215.22,27.11929747023682
1588685400,217.66,27.072692753521437
1588771800,219,27.046874758918744
1588858200,221.82,26.941680567169044
1588944600,224.86,26.975500215897025
1589203800,226.87,27.04844301403122
1589290200,222.12,26.93544127228662
1589376600,219.34,26.9857978514246
1589463000,221.83,27.127789473794294
1589549400,223.27,27.138004890642737
1589808600,227.43,27.18116311302308
1589895000,226.86,27.263510969515597
1589981400,231.39,27.25534659096101
1590067800,228.87,27.42863968871976
1590154200,229.66,27.409162204908938
1590499800,229.04,27.411495357861355
1590586200,230.29,27.521056853559024
1590672600,229.99,27.456432756938238
1590759000,233.36,27.520368937140685
1591018200,234.06,27.95513407263612
1591104600,235.63,28.02100433953468
1591191000,236.69,28.042042033040765
1591277400,235.03,28.041662838088747
1591363800,239.69,28.08611357791074
1591623000,241.55,28.15901045603108
1591709400,243.3,28.274717300905852
1591795800,246.22,28.317972222940032
1591882200,234.02,28.332636575307745
1591968600,235.88,28.25778764029327
1592227800,238.75,28.14197116036149
1592314200,242.85,28.171615328507183
1592400600,243.62,28.114133978320282
1592487000,244.28,28.008989292076205
1592573400,244.24,27.948542021437184
1592832600,246.74,27.961700529155827
1592919000,248.84,28.045046418207935
1593005400,243.71,28.13051278283059
1593091800,246.03,27.94078677214346
1593178200,240.22,27.91755621454816
1593437400,242.84,28.55552796230375
1593523800,247.6,28.55513425153639
1593610200,250.49,28.68109971745064
1593696600,252.19,28.65828378718935
1594042200,258.39,28.72143808127796
1594128600,256.61,28.800536453350453
1594215000,259.99,28.76849823553389
1594301400,262.18,28.776148313359784
1594387800,263.97,28.75399739577768
1594647000,258.54,28.80032788575503
1594733400,260.37,28.78788769921442
1594819800,260.9,28.82523588667821
1594906200,259.12,28.9126164650807
1594992600,259.42,28.868159224827572
1595251800,266.78,28.922077717695192
1595338200,264,28.954696255657417
1595424600,264.93,29.086598053272166
1595511000,258.01,28.94201896814236
1595597400,255.56,28.956322997384003
1595856600,260.12,29.06611273992226
1595943000,256.81,29.211650616855984
1596029400,259.77,29.199206519407966
1596115800,261.13,29.25039638921157
1596202200,265.79,29.29256947956447
1596461400,269.38,29.28183951401046
1596547800,270.38,29.25685368435556
1596634200,271.05,29.31497918791714
1596720600,274.64,29.492745198232456
1596807000,271.47,29.483845563030133
1597066200,270.31,29.381780522009024
1597152600,265.19,29.35459731324461
1597239000,271.86,29.348456823405332
1597325400,272.48,29.452015593431973
1597411800,272.16,29.4843492606814
1597671000,275.32,29.53485646559368
1597757400,277.97,29.590551900624106
1597843800,276.1,29.704319117516896
1597930200,279.93,29.653191087361048
1598016600,281.87,29.700397134276905
1598275800,283.63,29.640900750180702
1598362200,285.86,29.63090492311642
1598448600,291.96,29.664529642159927
1598535000,291.05,29.702636614100122
1598621400,292.53,29.674605873391467
1598880600,294.88,29.89632445675826
1598967000,299.92,30.19193330500687
1599053400,302.76,30.20292995255845
1599139800,287.41,30.156319437979352
1599226200,283.58,30.146619512670057
1599571800,269.95,30.126868462011927
1599658200,277.88,30.06881087010858
1599744600,272.34,30.126063706494328
1599831000,270.45,30.11730136332241
1600090200,275.16,30.162998561573
1600176600,279.06,30.23152833855611
1600263000,274.61,30.262989803233488
1600349400,270.32,30.359858880306927
1600435800,266.87,30.383613384810804
1600695000,267.51,30.38487630935227
1600781400,272.48,30.277168334709962
1600867800,264.16,30.219192173432962
1600954200,265.39,30.07255007545485
1601040600,271.56,30.064668416266002
1601299800,277.2,30.05020135863498
1601386200,275.95,30.081519411469735
1601472600,277.84,30.13359668979361
1601559000,282.25,30.423312230329746
1601645400,274.31,30.43879958820355
1601904600,280.16,30.61565000082682
1601991000,275.16,30.66755558269074
1602077400,279.92,30.613176546329612
1602163800,281.41,30.62749925727681
1602250200,285.71,30.638351240958738
1602509400,294.53,30.85846131814322
1602595800,294.52,30.81489182740129
1602682200,292.06,30.733113873896226
1602768600,290.1,30.874382216171426
1602855000,288.51,30.79918599961912
1603114200,283.8,30.84962461552967
1603200600,284.41,30.91179061315216
1603287000,284.19,30.958467655344734
1603373400,284.18,31.06853163632379
1603459800,284.74,30.99066571425129
1603719000,280.47,31.07605140404106
1603805400,282.66,30.99708956570232
1603891800,271.64,31.00333769503838
1603978200,276.39,30.94142311658712
1604064600,269.38,30.869247441078148
1604327400,269.98,30.92351282113162
1604413800,274.65,30.90939933910045
1604500200,286.91,31.020310860192637
1604586600,294.39,31.149193068316844
1604673000,294.61,31.38033597792637
1604932200,288.59,31.461953181646763
1605018600,283.42,31.2757591903802
1605105000,289.76,31.29528411585894
1605191400,288.4,31.283988179450812
1605277800,290.93,31.310660253326734
1605537000,293.2,31.429309807616608
1605623400,292.27,31.48072990567737
1605709800,290.11,31.55571247135148
1605796200,292.38,31.69884109202516
1605882600,290.38,31.69582282548959
1606141800,290.39,31.73040312181891
1606228200,294.47,31.64607864649443
1606314600,296.28,31.711043658229627
1606487400,299.01,31.7754469497445
1606746600,299.62,31.839594652728692
1606833000,303.46,31.98983435301078
1606919400,303.85,32.14941865169471
1607005800,304.28,32.19543075997289
1607092200,305.52,32.3017824329459
1607351400,307.25,32.329571330638466
1607437800,308.29,32.34075024185511
1607524200,301.31,32.32306650403586
1607610600,302.52,32.30749955231846
1607697000,301.85,32.37991933189889
1607956200,304.04,32.38446816485817
1608042600,307.29,32.39929928708354
1608129000,308.98,32.47082396866921
1608215400,311,32.663601090624766
1608301800,310.06,32.75314447088792
1608561000,308.92,32.78455433108993
1608647400,309.76,32.7310671668788
1608733800,308.2,32.61611591065132
1608820200,309.56,32.63344375990161
1609165800,312.68,32.65321257422459
1609252200,312.96,32.6587438027045
1609338600,312.97,32.72274268171
1609425000,313.74,32.77857347767039
1609770600,309.31,32.74141115966468
1609857000,311.86,32.80532866401346
1609943400,307.54,32.8932907202809
1610029800,314.98,32.78468404162236
1610116200,319.03,32.638851701960284
1610375400,314.42,32.60662465752913
1610461800,313.92,32.50110703518475
1610548200,316.04,32.64921683181155
1610634600,314.35,32.67636522909604
1610721000,311.86,32.702133175050115
1611066600,316.41,32.62858347438906
1611153000,323.77,32.66862585000619
1611239400,326.36,32.75489068541762
1611325800,325.42,32.80579807086779
1611585000,328.11,32.74376921439543
1611671400,328.59,32.71611061741911
1611757800,319.43,32.783516643209765
1611844200,321.32,32.65906993355186
1611930600,314.56,32.68561818402106
1612189800,322.42,32.82962915362433
1612276200,327.68,32.71749042511606
1612362600,326.38,32.728228090915444
1612449000,330.24,32.751975623121666
1612535400,331.36,32.6343047796901
1612794600,333.58,32.77339088940231
1612881000,333.51,32.804298448204506
1612967400,332.75,32.934533540261285
1613053800,334.58,32.96682640043062
1613140200,336.45,32.9745799888927
1613485800,335.54,32.97557900984998
1613572200,333.93,32.906870442099525
1613658600,332.47,33.01427159919638
1613745000,331.02,33.047331855035694
1614004200,322.44,33.14754643078439
1614090600,321.48,33.18455457253065
1614177000,324.13,33.174218847499766
1614263400,312.83,33.242365617142866
1614349800,314.14,33.16061576558188
1614609000,323.59,32.97021652433644
1614695400,318.4,32.96121370938574
1614781800,309.16,32.991523467342745
1614868200,304.1,33.04251169249589
1614954600,308.68,32.87472847122905
1615213800,299.94,32.78901054192783
1615300200,311.77,32.644070817893386
1615386600,310.88,32.76535986101573
1615473000,318.04,32.915294771213944
1615559400,315.46,32.99038479780581
1615815000,318.83,32.92526302452202
1615901400,320.58,32.91579120050492
1615987800,321.9,32.90448184342505
1616074200,312.04,33.19689727470856
1616160600,313.14,33.09407007896652
1616419800,318.61,33.11763106266569
1616506200,317.22,33.14633776473562
1616592600,311.87,33.044167262754335
1616679000,311.33,33.2133478430065
1616765400,316,33.1506667309251
1617024600,315.91,33.54491591680776
1617111000,314.32,33.451327807323786
1617197400,319.13,33.302450673439324
1617283800,324.57,33.34487132892579
1617629400,331.05,33.332204171821466
1617715800,330.82,33.55861161999757
1617802200,331.62,33.64334783109924
1617888600,335.08,33.631987326655846
1617975000,337.11,33.72437285073067
1618234200,336.67,33.68225060781682
1618320600,340.6,33.710733795259756
1618407000,336.51,33.77291901932001
1618493400,341.61,34.00476899948839
1618579800,342.01,34.038435901653
1618839000,338.88,34.06600417020531
1618925400,336.41,34.16350449173207
1619011800,339.29,34.139718123547404
1619098200,335.2,34.086993861574626
1619184600,339.42,34.07303571562864
1619443800,341.63,34.22719121804633
1619530200,340.15,34.195919238763764
1619616600,339,34.12056525410191
1619703000,340.22,34.195132558943
1619789400,337.99,34.16788842840019
1620048600,336.19,33.98654633327707
1620135000,330.14,34.110140214205536
1620221400,329.03,34.02641168917961
1620307800,331.51,34.08429011949181
1620394200,334.2,34.18051276231561
1620653400,325.76,34.37674532130379
1620739800,325.31,34.33923988230912
1620826200,316.89,34.34855609452817
1620912600,319.34,34.21200681604706
1620999000,326.39,34.22437601189553
1621258200,324.41,34.345993595529926
1621344600,322.22,34.383958735492904
1621431000,322.59,34.46020657846746
1621517400,328.83,34.44466927858443
1621603800,327.01,34.484269968979405
1621863000,332.51,34.4340594151049
1621949400,332.97,34.47377497022997
1622035800,334.13,34.46995010590252
1622122200,332.88,34.45277511110331
1622208600,333.93,34.408530378930195
1622554200,332.82,34.60155107550293
1622640600,333.47,34.62294174584239
1622727000,330,34.71585847248109
1622813400,335.6,34.52072540368093
1623072600,336.6,34.658410795646375
1623159000,336.76,34.693724918938
1623245400,336.84,34.65225959114759
1623331800,340.35,34.73628885104172
1623418200,341.24,34.723505065095054
1623677400,344.51,34.63709618535126
1623763800,342.26,34.58959505442972
1623850200,341.01,34.65903263388762
1623936600,345.34,34.67201972928683
1624023000,342.63,34.32735532094135
1624282200,344.36,34.30337882325254
1624368600,347.57,34.33951014899011
1624455000,347.74,34.31182579661945
1624541400,349.89,34.2420240013009
1624627800,349.46,34.26374070839632
1624887000,353.71,34.496015918626654
1624973400,354.99,34.45564940580115
1625059800,354.43,34.372704048579195
1625146200,354.57,34.173657407559645
1625232600,358.64,34.35177467439857
1625578200,360.19,34.45835616909641
1625664600,360.95,34.3516080832273
1625751000,358.77,34.32392957469425
1625837400,361.01,34.39417230383497
1626096600,362.42,34.47071291959368
1626183000,362.42,34.4576752018923
1626269400,363.07,34.34027447744662
1626355800,360.52,34.55625462465291
1626442200,357.6,34.614232089130994
1626701400,354.67,34.55213458827946
1626787800,358.79,34.48649091530764
1626874200,361.56,34.46600680383531
1626960600,363.95,34.532468078847295
1627047000,368.2,34.513642750075405
1627306200,368.49,34.54010482571752
1627392600,364.43,34.58150437687605
1627479000,365.83,34.56966210482926
1627565400,366.48,34.66850855010154
1627651800,364.57,34.7655117159944
1627911000,364.6,34.5851353067791
1627997400,366.81,34.73161791078524
1628083800,367.34,34.751576082502105
1628170200,369.67,34.783611041740905
1628256600,368.05,34.75130990453778
1628515800,368.73,34.63816999288462
1628602200,366.84,34.56622248773208
1628688600,366.21,34.52014446817752
1628775000,367.53,34.641433466307035
1628861400,368.82,34.52750621053866
1629120600,368.98,34.7213475751451
1629207000,365.73,34.73480398818826
1629293400,362.21,34.598443584685384
1629379800,363.96,34.707611486086265
1629466200,367.73,34.63954932583102
1629725400,373.23,34.6785108598798
1629811800,374.37,34.7394327159775
1629898200,374.8,34.80062770049384
1629984600,372.42,34.81692344345244
1630071000,376.04,34.81884206178396
1630330200,380.26,35.05826942256602
1630416600,379.95,35.03163838055782
1630503000,380.58,35.09483389029893
1630589400,380.4,35.26397251494883
1630675800,381.57,35.32778888246978
1631021400,382.11,35.343631906688785
1631107800,380.78,35.25852886779741
1631194200,379.47,35.217838341061444
1631280600,376.59,35.30626255499551
1631539800,376.33,35.30498485216513
1631626200,375.26,35.313897881469
1631712600,378.05,35.24223273012485
1631799000,378.31,35.50729197087842
1631885400,373.83,35.324481337581595
1632144600,365.7,35.192137367875276
1632231000,366.15,35.203115488899165
1632317400,369.57,35.212402146442955
1632403800,372.98,35.07320008337243
1632490200,373.33,35.04393522735093
1632749400,370.35,35.051026563374194
1632835800,359.87,35.04136989593796
1632922200,359.28,34.89010806180177
1633008600,357.96,34.7800624085661
1633095000,360.18,34.88226343788526
1633354200,352.62,35.17791488233356
1633440600,357.38,35.19229020206237
1633527000,359.67,35.10583694465965
1633613400,362.97,35.12644868082917
1633699800,361.16,35.19655885149795
1633959000,358.39,35.21590513996118
1634045400,357.14,35.12141795198503
1634131800,360,35.09438533859742
1634218200,366.63,35.30138938446313
1634304600,368.94,35.20800581470095
1634563800,372.65,35.206745086936216
1634650200,375.47,35.19187996547499
1634736600,374.98,35.2698730893692
1634823000,377.27,35.368800051827286
1634909400,374.1,35.38330717109005
1635168600,377.93,35.54307670999624
1635255000,379.12,35.50430932302218
1635341400,380,35.46466867260677
1635427800,384.22,35.364452847055766
1635514200,386.11,35.49857201138655
1635773400,387.43,35.29880588426093
1635859800,389.05,35.47369213869509
1635946200,393.18,35.46025840429977
1636032600,398.22,35.4882959196528
1636119000,398.6,35.4225722578085
1636381800,398.06,35.486450704810565
1636468200,395.32,35.5212052359144
1636554600,389.51,35.53763602697107
1636641000,390.59,35.38643100217319
1636727400,394.7,35.346628431416036
1636986600,394.61,35.40788176287813
1637073000,397.42,35.35319345743586
1637159400,397.63,35.1666849615622
1637245800,401.75,35.237654401214336
1637332200,403.99,35.19597612462663
1637591400,399.3,35.15854590577279
1637677800,397.48,35.042332409262634
1637764200,398.76,35.04340088529566
1637937000,391.2,35.16446816809756
1638196200,399.69,35.357336332927126
1638282600,393.82,35.348299021886575
1638369000,387.12,35.382731232992185
1638455400,389.91,35.45555113076976
1638541800,383.13,35.40253129302831
1638801000,386.2,35.39714139526604
1638887400,397.83,35.31501935738098
1638973800,399.61,35.357620721080885
1639060200,393.73,35.492629467388944
1639146600,398.01,35.39619120873827
1639405800,392.26,35.460370418334186
1639492200,388.2,35.31131182259581
1639578600,397.05,35.27905849048208
1639665000,386.84,35.37332522836731
1639751400,384.91,35.407235169843446
1640010600,380.69,35.25903478904597
1640097000,389.21,35.23370022739629
1640183400,393.95,35.241359075214824
1640269800,396.92,35.42100430739205
1640615400,403.48,35.52521802568595
1640701800,401.61,35.52359651295554
1640788200,401.55,35.454671441131374
1640874600,400.35,35.31838687905504
1640961000,397.85,35.246122185202964
1641220200,401.68,35.23105089141845
1641306600,396.47,35.433729267568644
1641393000,384.29,35.455778755431
1641479400,384.02,35.29778789908078
1641565800,379.86,35.249877090117565
1641825000,380.11,35.34766890387326
1641911400,385.82,35.29610383338325
1641997800,387.35,35.4033540441283
1642084200,377.66,35.50240434800502
1642170600,380.01,35.42360096721287
1642516200,370.55,35.405312275666944
1642602600,366.48,35.309862978915454
1642689000,361.72,35.369955328526565
1642775400,351.69,35.331816225158384
1643034600,353.3,35.33894009316273
1643121000,345.11,35.37801780856926
1643207400,344.57,35.38346945363876
1643293800,341.1,35.12700716479164
1643380200,351.8,34.979121128938885
1643639400,363.05,34.98335743444326
1643725800,365.52,35.19194948831145
1643812200,368.49,35.351969034421955
1643898600,353.55,35.320747580393956
1643985000,358.01,35.39093443818752
1644244200,355.13,35.378423716811724
1644330600,359.12,35.3687926706837
1644417000,366.73,35.31902006434557
1644503400,358.43,35.361512876855
1644589800,347.06,35.353947510092524
1644849000,347.49,35.31029068738156
1644935400,356.13,35.24410737611174
1645021800,356.04,35.386807864684954
1645108200,345.45,35.42239167540245
1645194600,341.51,35.41967077819138
1645540200,338.08,35.35748675144281
1645626600,329.42,35.35217560070145
1645713000,340.49,35.309172956422955
1645799400,345.77,35.16484182448232
1646058600,346.8,35.31156990814789
1646145000,341.49,35.411801295092545
1646231400,347.22,35.293933722818124
1646317800,342.26,35.34911469933851
1646404200,337.3,35.2570449550675
1646663400,324.86,35.139824146992325
1646749800,323.35,34.95007034072146
1646836200,334.99,34.94822766597877
1646922600,331.27,35.38577170692896
1647009000,324.4,34.94618939665512
1647264600,318.17,34.807663254397475
1647351000,328.15,34.73504194422886
1647437400,340.32,34.833823253491154
1647523800,344.44,35.09024991676386
1647610200,351.49,35.09766178784748
1647869400,350.08,34.97296601424207
1647955800,356.96,34.913488014794396
1648042200,351.83,34.846859217101326
1648128600,359.65,34.78909166141361
1648215000,359.35,34.78812145879035
1648474200,364.91,34.850457271131205
1648560600,371.19,34.76892218740137
1648647000,367.09,34.978650773378995
1648733400,362.54,35.09026937571165
1648819800,361.85,34.684848137141536
1649079000,369.3,34.83389672710677
1649165400,361.1,34.76562788750553
1649251800,353.26,34.623540130794204
1649338200,354.1,34.55905186921612
1649424600,349.15,34.56604023868818
1649683800,340.89,34.53352956921767
1649770200,339.45,34.43996251941584
1649856600,346.35,34.44597920124969
1649943000,338.43,34.452116230625435
1650288600,338.69,34.44974144582379
1650375000,346.26,34.34525846622451
1650461400,341.21,34.18517889264779
1650547800,334.15,34.050869273542645
1650634200,325.4,33.98977995843266
1650893400,329.58,33.958556802498954
1650979800,317.14,33.81338979572339
1651066200,316.76,33.71258891925132
1651152600,328.01,33.34910364752333
1651239000,313.25,33.11438933409491
1651498200,318.48,32.860685137635166
1651584600,318.82,32.89819958269281
1651671000,329.6,32.97462948592709
1651757400,313,33.13548954277117
1651843800,309.25,32.88181988422405
1652103000,297.15,32.79914148220687
1652189400,300.76,32.710900975879326
1652275800,291.84,32.67292178828662
1652362200,291.15,32.71685373110554
1652448600,301.94,32.57817048426278
1652707800,298.44,32.6535138392965
1652794200,306.17,32.719507408500604
1652880600,291.14,32.85925847737759
1652967000,289.58,32.75987443841212
1653053400,288.68,33.01033832031564
1653312600,293.48,33.00884917470546
1653399000,287.24,33.18867795024171
1653485400,291.26,33.35313083735948
1653571800,299.33,33.23756483412071
1653658200,309.1,33.184171704316
1654003800,308.28,33.31404918362828
1654090200,306,33.14949647041252
1654176600,314.38,32.992807657720995
1654263000,306.2,33.13516166390657
1654522200,307.22,33.003695735714764
1654608600,309.87,32.94670638732578
1654695000,307.64,32.84491182491798
1654781400,299.4,32.78833255759603
1654867800,288.84,32.692934008021425
1655127000,275.41,32.57066456448043
1655213400,275.91,32.27815067713716
1655299800,282.8,32.19567970491103
1655386200,271.39,32.52171864086949
1655472600,274.69,32.72257936622698
1655818200,281.08,32.52646222964938
1655904600,280.67,32.5689249132235
1655991000,284.85,32.414177213815286
1656077400,294.61,32.391288251887495
1656336600,292.45,32.55708691344098
1656423000,283.54,32.60025379110569
1656509400,283.8,32.42482770488138
1656595800,280.28,32.33687136151603
1656682200,282.13,32.269619550391134
1657027800,286.96,32.26078261050208
1657114200,288.8,32.0001268193722
1657200600,294.98,31.92199219658329
1657287000,295.35,31.93123618086621
1657546200,289.04,31.97920421547625
1657632600,286.24,31.68584390070775
1657719000,285.65,31.791513855837277
1657805400,286.67,31.8450348701877
1657891800,291.87,31.62542090973026
1658151000,289.4,31.815228627752642
1658237400,298.3,31.830693170759933
1658323800,303.03,31.939051267668678
1658410200,307.38,31.90808269096226
1658496600,301.99,31.88405077104904
1658755800,300.27,32.00561825012278
1658842200,294.37,32.04278359092633
1658928600,306.81,31.906893380388674
1659015000,309.81,32.04233781651846
1659101400,315.46,32.07752331591201
1659360600,315.27,31.918098941968132
1659447000,314.33,32.14096632401165
1659533400,322.89,31.98779450979043
1659619800,324.4,31.913911428873252
1659706200,321.75,32.03610011798259
1659965400,320.71,31.86198846711241
1660051800,317.08,31.889191879209967
1660138200,325.93,31.92425996546251
1660224600,324.08,32.19983465726211
1660311000,330.39,32.169631439206135
1660570200,333.06,32.08067734845785
1660656600,332.28,31.981376498032866
1660743000,328.49,31.945709854536837
1660829400,329.28,31.865048182896867
1660915800,322.86,31.70771230880932
1661175000,314.36,31.58595967518758
1661261400,314.1,31.414048682945147
1661347800,315.01,31.48435345821293
1661434200,320.58,31.46338459477559
1661520600,307.44,31.562473537548016
1661779800,304.41,31.48035619499334
1661866200,301.02,31.39298456411036
1661952600,299.27,31.41296045683307
1662039000,299.4,31.12704389190621
1662125400,295.17,31.02515261553449
1662471000,293.05,30.986536401587415
1662557400,298.97,30.82121029755727
1662643800,300.52,30.879771488704336
1662730200,307.09,30.87975938851049
1662989400,310.74,31.04504758526509
1663075800,293.7,31.13305733351599
1663162200,296.03,30.890177430145137
1663248600,291.1,30.91071703882886
1663335000,289.32,30.90250164232574
1663594200,291.05,30.92446710485139
1663680600,288.73,30.889785221867243
1663767000,283.56,30.76031811149129
1663853400,280.07,30.399425113508048
1663939800,275.51,30.39293857383675
1664199000,274.37,30.19555946766802
1664285400,274.48,30.02363776541943
1664371800,279.94,29.94910986134157
1664458200,271.87,30.07101296752271
1664544600,267.26,30.208773328275353
1664803800,273.53,30.03886983758727
1664890200,282.13,30.30809699944506
1664976600,281.98,30.520399735993
1665063000,279.76,30.399283187140778
1665149400,269.1,30.250104197177148
1665408600,266.41,30.14482616379704
1665495000,262.75,30.03028645171213
1665581400,262.66,29.990576889802636
1665667800,268.82,29.9585987809862
1665754200,260.74,30.06924024062702
1666013400,269.35,29.953163075365968
1666099800,271.48,30.15192651986852
1666186200,270.49,30.108923244500794
1666272600,269.11,29.947699136336652
1666359000,275.42,29.980231215825295
1666618200,278.45,30.10050343973714
1666704600,284.21,30.04296622876464
1666791000,277.93,30.230477928540207
1666877400,272.87,30.458268691463033
1666963800,281.22,30.33635751961923
1667223000,277.95,30.25036461706076
1667309400,275.11,30.09328731101539
1667395800,265.68,30.20487194209095
1667482200,260.49,30.108067587073187
1667568600,264.68,29.989529550208598
1667831400,267.59,30.3888009557181
1667917800,269.54,30.40921681427527
1668004200,263.32,30.510102703614542
1668090600,282.75,30.46647644588278
1668177000,287.96,30.984954285606598
1668436200,285.44,31.31122273182686
1668522600,289.39,31.28342151294258
1668609000,285.44,31.441488536492432
1668695400,284.81,31.393863882670132
1668781800,284.82,31.246470995209513
1669041000,281.89,31.24994460930596
1669127400,285.95,31.040642795137572
1669213800,288.82,31.18641154161591
1669386600,286.92,31.486704980735023
1669645800,282.71,31.13611439118291
1669732200,280.57,31.01765698562587
1669818600,293.36,31.05793790906666
1669905000,293.72,31.20493690166036
1669991400,292.55,31.538803195486167
1670250600,287.64,31.60960045035918
1670337000,281.68,31.435255161421008
1670423400,280.53,31.334601342898573
1670509800,283.85,31.466094139799075
1670596200,282.04,31.494182549299552
1670855400,285.58,31.53903491909786
1670941800,288.65,31.451589580916526
1671028200,286.51,31.658931872006136
1671114600,276.89,31.748765836914693
1671201000,274.25,31.60583499234301
1671460200,269.75,31.59052689248184
1671546600,269.54,31.56638502548145
1671633000,273.45,31.778577276648992
1671719400,266.76,31.51454475342345
1671805800,267.36,31.514773298343762
1672151400,263.58,31.55161537276218
1672237800,260.1,31.5062052384739
1672324200,266.44,31.34674142089341
1672410600,266.28,31.447062714830423
1672756200,264.48,31.059138947146344
1672842600,265.74,31.265679309806973
1672929000,261.58,31.22255610861004
1673015400,268.8,31.09547392867344
1673274600,270.54,31.397739189494242
1673361000,272.83,31.598976124263558
1673447400,277.55,31.59204428667831
1673533800,279.05,31.655553628137223
1673620200,280.97,31.929085067547334
1673965800,281.54,31.94621668448608
1674052200,277.88,32.0166993814976
1674138600,275.15,31.95893352868324
1674225000,282.68,32.01094934710364
1674484200,288.96,31.982713685502556
1674570600,288.37,31.90222474094935
1674657000,287.73,32.02404772995922
1674743400,293.34,31.927266334536043
1674829800,296.26,31.88588255494427
1675089000,290.27,31.824816419159966
1675175400,294.62,31.75381287788072
1675261800,300.92,32.05691645450216
1675348200,311.72,32.171368405935
1675434600,306.18,32.089246756018596
1675693800,303.59,31.75783093782469
1675780200,309.88,31.570030905173937
1675866600,304.37,31.658832578192783
1675953000,301.68,31.683934447878574
1676039400,299.7,31.704620959018058
1676298600,304.5,31.64419241621851
1676385000,306.75,31.575368822799
1676471400,309.1,31.588292447254833
1676557800,303.3,31.45637989091366
1676644200,301.16,31.409984194083616
1676989800,294.03,31.396432792509458
1677076200,294.25,31.329339695516712
1677162600,296.82,31.211288972834378
1677249000,291.85,31.163498145373374
1677508200,293.94,30.93507208773404
1677594600,293.56,31.017802528185722
1677681000,291.2,30.937222909044202
1677767400,293.61,31.20209579821673
1677853800,299.68,31.003992946861178
1678113000,300.02,31.10224202388488
1678199400,296.34,31.11030867968446
1678285800,297.82,30.89071743632313
1678372200,292.66,30.92348959245053
1678458600,288.55,30.970067439271116
1678714200,290.69,31.167147257522718
1678800600,297.37,31.471450544547604
1678887000,298.93,31.48234704820437
1678973400,306.81,31.690950679955883
1679059800,305.36,31.725703118562407
1679319000,305.97,31.822932305803477
1679405400,310.34,31.918003217786346
1679491800,306.12,31.80262457824945
1679578200,309.75,31.920802987111266
1679664600,310.89,32.040229293074916
1679923800,308.76,31.943807664329
1680010200,307.12,31.94712309265307
1680096600,312.72,32.01953920139642
1680183000,315.68,31.938020205142767
1680269400,320.93,32.02026706982343
1680528600,320.15,31.89994454441357
1680615000,319.07,32.12306144349054
1680701400,315.92,32.19267679230694
1680787800,318.05,32.085126910552255
1681133400,317.87,32.10868425492526
1681219800,315.83,31.91050735062875
1681306200,313.04,31.914946943431328
1681392600,319.17,32.07172582168537
1681479000,318.57,32.16002053253146
1681738200,318.84,32.11048085792394
1681824600,318.86,31.996169974080242
1681911000,318.71,32.070571426053164
1681997400,316.28,31.86938402797106
1682083800,316.61,31.94178191790477
1682343000,315.95,31.90566705860446
1682429400,309.99,31.938263725228882
1682515800,311.87,31.877468585093272
1682602200,320.35,31.746237713519083
1682688600,322.56,31.75552524940128
1682947800,322.19,31.49162164694388
1683034200,319.38,31.48428072256361
1683120600,317.29,31.50226875365027
1683207000,316.17,31.633052675839743
1683293400,322.89,31.650233739404378
1683552600,323.69,31.68226798703572
1683639000,321.64,31.632355524100223
1683725400,325.14,31.58587969537306
1683811800,326.2,31.709837430778506
1683898200,325.03,31.5916746612528
1684157400,326.79,31.486550310466217
1684243800,327.16,31.50782503272434
1684330200,331.12,31.45529996137811
1684416600,337.27,31.40564702376512
1684503000,336.51,31.22681222509344
1684762200,337.64,31.280922281140942
1684848600,333.36,31.245791898929525
1684935000,331.65,31.203394915291298
1685021400,339.72,31.169623669371784
1685107800,348.4,31.14026643976348
1685453400,349.98,31.118308279023648
1685539800,347.99,31.191741908573363
1685626200,352.01,30.914200282161243
1685712600,354.65,31.135150032844724
1685971800,354.9,31.0812215303766
1686058200,354.84,31.10420517420004
1686144600,348.82,31.06520456287928
1686231000,353.15,31.01133480763967
1686317400,354.5,31.18863769549004
1686576600,360.49,31.151224860482845
1686663000,363.26,31.11980919685036
1686749400,365.9,31.17998454871762
1686835800,370.26,31.135332927557638
1686922200,367.93,31.40863378880568
1687267800,366.9,31.26061602116052
1687354200,361.9,31.26321740901913
1687440600,366.17,31.071767767594082
1687527000,362.54,31.044652151693718
1687786200,357.68,30.970827111233795
1687872600,363.83,30.95184039573446
1687959000,364.54,30.99091716932648
1688045400,363.81,30.758542503003635
1688131800,369.42,30.69364153746824
1688391000,370.29,30.204052348650528
1688563800,370.28,30.323247654761538
1688650200,367.46,30.22560194098011
1688736600,366.24,30.26377416230213
1688995800,366.36,30.469568059628898
1689082200,368.17,30.52676455787699
1689168600,372.82,30.655201890290527
1689255000,379.15,30.74905797331234
1689341400,379.07,30.945217702213853
1689600600,382.61,30.93635330897578
1689687000,385.74,30.92847729340509
1689773400,385.65,30.924478543862108
1689859800,376.76,30.729141615218133
1689946200,375.63,30.701849035400976
1690205400,376.23,30.55220208745988
1690291800,378.78,30.532740495315462
1690378200,377.52,30.642144113965927
1690464600,376.62,30.61818210667816
1690551000,383.48,30.52022104244777
1690810200,383.68,30.510097873082803
1690896600,382.79,30.296206219667013
1690983000,374.39,30.29253796695046
1691069400,373.79,30.14221264398768
1691155800,372.04,30.166142521855832
1691415000,375.19,30.19719222916439
1691501400,372,30.131941578112702
1691587800,367.91,30.05158732255161
1691674200,368.59,30.116043980352458
1691760600,366.24,30.106526687583663
1692019800,370.35,30.02054905389614
1692106200,366.42,29.919283546989988
1692192600,362.54,29.94567264685468
1692279000,358.58,29.79280205251407
1692365400,358.13,29.82503493831
1692624600,363.9,29.81431401178067
1692711000,363.38,29.797484681315282
1692797400,369.11,29.775982454866423
1692883800,361.22,29.88296584445709
1692970200,364.02,29.852865509612805
1693229400,366.76,29.85697241072329
1693315800,374.77,29.85638746784718
1693402200,376.86,29.957123193805177
1693488600,377.99,29.892039731725976
1693575000,377.59,30.076639068929733
1693920600,378.07,30.08109321452703
1694007000,374.74,29.93426204692968
1694093400,372.06,29.84708189195659
1694179800,372.58,29.890221954162023
1694439000,376.97,29.862884981884278
1694525400,372.79,30.00934796057995
1694611800,374.21,30.033241207633758
1694698200,377.27,29.908878569801676
1694784600,370.81,29.89050811450944
1695043800,370.66,29.95498901590807
1695130200,369.87,29.932595990652857
1695216600,364.54,29.90817511033984
1695303000,357.86,29.642196974595905
1695389400,357.91,29.660650154937326
1695648600,359.61,29.659585575824
1695735000,354.21,29.56712052767214
1695821400,355.04,29.53129943942981
1695907800,358.01,29.35274585333714
1695994200,358.27,29.429512790472348
1696253400,361.26,29.29466333816723
1696339800,354.92,29.35566089863457
1696426200,359.75,29.3600875880455
1696512600,358.69,29.37001696301337
1696599000,364.7,29.50578190492537
1696858200,366.56,29.48809907145972
1696944600,368.59,29.520761167877072
1697031000,371.22,29.618216580015346
1697117400,369.93,29.568319137186375
1697203800,365.28,29.535444467694138
1697463000,369.41,29.521600044384943
1697549400,368.2,29.627544124412072
1697635800,363.37,29.64964228094164
1697722200,359.97,29.467182258100678
1697808600,354.6,29.559451382994478
1698067800,355.67,29.52725041314859
1698154200,359.13,29.589224113088598
1698240600,350.34,29.590887290988036
1698327000,343.66,29.3786507559499
1698413400,345.31,29.386304517816097
1698672600,349.2,29.370338962201732
1698759000,350.87,29.40515330944366
1698845400,356.96,29.360775440387222
1698931800,363.44,29.433124396368285
1699018200,367.71,29.522652708344353
1699281000,369.21,29.664128475948978
1699367400,372.7,29.670502189078306
1699453800,372.94,29.689390281760982
1699540200,370.07,29.69439403585372
1699626600,378.39,29.667105316985115
1699885800,377.21,29.621728664193782
1699972200,385.33,29.650035112411903
1700058600,385.62,29.9499047002784
1700145000,385.95,29.933741353772877
1700231400,386.04,29.99419896979609
1700490600,390.74,30.06908405153745
1700577000,388.47,30.18855191933344
1700663400,390.06,30.211617436584202
1700836200,389.51,30.179645900697487
1701095400,389.17,30.265365522047844
1701181800,390.19,30.313645612357377
1701268200,389.81,30.404945013601
1701354600,388.83,30.318014604269163
1701441000,389.94,30.334625424380913
1701700200,386.32,30.529299708374282
1701786600,387.29,30.39724135843226
1701873000,385.05,30.348358874254128
1701959400,390.43,30.276834641459196
1702045800,392.17,30.447134897509336
1702305000,395.52,30.36364202117754
1702391400,398.67,30.306152952269592
1702477800,403.74,30.360527594554508
1702564200,403.39,30.588549197706307
1702650600,405.34,30.842125883801305
1702909800,407.08,30.812381568558248
1702996200,409.16,30.760169891160793
1703082600,403.08,30.74337594339497
1703169000,407.77,30.58996510423495
1703255400,408.38,30.70743931630983
1703601000,410.88,30.61966564023253
1703687400,411.5,30.630455288890136
1703773800,411.3,30.682270060484374
1703860200,409.52,30.694249816837655
1704205800,402.59,30.783830076844904
1704292200,398.33,30.874473334576223
1704378600,396.28,30.731067704594853
1704465000,396.75,30.75255492441512
1704724200,404.95,30.73040373947119
1704810600,405.75,30.750420323608783
1704897000,408.5,30.71794687257188
1704983400,409.35,30.72235604067805
1705069800,409.56,30.80767298627875
1705415400,409.52,30.79339471578574
1705501800,407.21,30.652800759475
1705588200,412.99,30.58391653687762
1705674600,421.18,30.54937433405884
1705933800,421.73,30.53032813904151
1706020200,423.48,30.4909148573329
1706106600,425.83,30.50414215359771
1706193000,426.35,30.50886174634984
1706279400,423.81,30.537763609424296
1706538600,428.15,30.5008897672142
1706625000,425.3,30.49913297486848
1706711400,416.97,30.512909208960235
1706797800,421.88,30.42477902497216
1706884200,429.01,30.59614030253466
1707143400,428.45,30.38091682574889
1707229800,427.59,30.281424377371536
1707316200,431.99,30.35771285216104
1707402600,432.79,30.372132800910492
1707489000,437.05,30.34947538390884
1707748200,435.34,30.32691012396114
1707834600,428.55,30.305762105915054
1707921000,433.22,30.212515221055934
1708007400,434.51,30.177470545163985
1708093800,430.57,30.32249908785496
1708439400,427.32,30.254556978599176
1708525800,425.61,30.2954599249389
1708612200,438.07,30.2553984611902
1708698600,436.78,30.261346954711602
1708957800,436.55,30.259028909233248
1709044200,437.6,30.292259144401672
1709130600,435.27,30.307545525564468
1709217000,439,30.22107008311652
1709303400,445.61,30.204674807050687
1709562600,444.02,30.271551556365534
1709649000,436.05,30.275164220329255
1709735400,438.79,30.290623010725927
1709821800,445.45,30.332307327629685
1709908200,439.02,30.45963216452469
1710163800,437.39,30.4720112433871
1710250200,443.66,30.433592635947733
1710336600,440.25,30.42014209502889
1710423000,439.14,30.375897461275475
1710509400,433.92,30.31819780217826
1710768600,437.48,30.35053943348762
1710855000,438.57,30.302535770681974
1710941400,443.77,30.223951761335027
1711027800,445.87,30.149217199705507
1711114200,446.38,30.1038996286967
1711373400,444.76,30.00443438166925
1711459800,443.32,30.04969601693997
1711546200,444.83,30.015498433737818
1711632600,444.01,29.965297140388707
1711978200,444.95,29.701177739402
1712064600,441.11,29.783281156925
1712151000,442.1,29.793379042474
1712237400,435.34,29.856847002787
1712323800,440.47,29.866016250981
1712583000,440.6,29.814907976249
1712669400,442.23,29.82032852641
1712755800,438.37,29.834283468637
1712842200,445.37,29.723435621742
1712928600,438.27,29.6934323438
1713187800,431.06,29.661585532956
1713274200,431.1,29.690591481243
1713360600,425.84,29.600063509377
1713447000,423.41,29.471304428997
1713533400,414.65,29.446341391135
1713792600,418.82,29.492105183245
1713879000,425.07,29.474105013076
1713965400,426.51,29.502287098737
1714051800,424.45,29.331468474665
1714138200,431,29.355491138461
1714397400,432.75,29.22598485036
1714483800,424.59,29.281364588741
1714570200,421.52,28.8547240196
1714656600,426.9,29.06520080221
1714743000,435.48,29.142504641454
1715002200,440.25,29.17487155454
1715088600,440.32,29.159664797692
1715175000,440.06,29.100299495808
1715261400,441.02,29.09797470279
1715347800,442.06,29.15703621047
1715607000,443.08,29.099302031922
1715693400,445.93,29.099003771256
1715779800,452.9,29.14979872605
1715866200,451.98,29.317938943302
1715952600,451.76,29.322684835586
1716211800,454.91,29.252774702484
1716298200,455.8,29.175862256546
1716384600,455.71,29.170799339718
1716471000,453.66,29.168640865952
1716557400,457.95,29.175881927998
1716903000,459.68,29.28424700462
1716989400,456.44,29.296999861424
1717075800,451.55,29.179524163232
1717162200,450.71,29.257351815754
1717421400,453.13,29.231978898536
1717507800,454.37,29.385733738085
1717594200,463.53,29.41442999737
1717680600,463.37,29.333300576284
1717767000,462.96,29.365668152775
1718026200,464.83,29.19292472471
1718112600,468.02,29.147421892926
1718199000,474.15,29.12288432013
1718285400,476.72,29.164872815568
1718371800,479.19,29.118681789234
1718631000,485.06,29.096826398136
1718717400,485.21,29.164824886503
1718890200,481.47,29.108917823558
1718976600,480.18,28.986196639961
1719235800,473.96,28.907138581104
1719322200,479.38,28.948091618626
1719408600,480.37,28.893618873833
1719495000,481.61,28.718796353631
1719581400,479.11,28.723091166283
1719840600,481.92,28.58838062336
1719927000,486.98,28.77907516484
1720013400,491.04,28.778651371615
1720186200,496.16,28.872661701075
1720445400,497.34,28.93369899679
1720531800,497.77,28.904271335585
1720618200,502.96,28.87816577759
1720704600,491.93,28.89891106023
1720791000,494.82,29.05525253142
1721050200,496.15,29.11518540929
1721136600,496.34,29.074255608775
1721223000,481.77,29.0678123538
1721309400,479.49,29.13648501182
1721395800,475.24,29.058251196545
1721655000,482.32,29.017121589155
1721741400,480.62,29.02574251644
1721827800,463.38,29.041281654955
1721914200,458.27,29.04009703661
1722000600,462.97,29.09364974565
1722259800,463.9,29.07044559277
1722346200,457.53,29.031075968195
1722432600,471.07,29.10100951523
1722519000,459.66,29.242889219638
1722605400,448.75,29.257153554133
1722864600,435.37,29.537191244832
1722951000,439.53,29.708519495102
1723037400,434.77,29.667945352416
1723123800,448.07,29.585648884555
1723210200,450.41,29.563394073791
1723469400,451.38,29.582758040562
1723555800,462.58,29.51710611911
1723642200,462.73,29.616880890752
1723728600,474.42,29.591476868461
1723815000,475.03,29.50166532759
1724074200,481.27,29.57222760475
1724160600,480.26,29.684526299
1724247000,482.5,29.792349012494
1724333400,474.85,29.823867300124
1724419800,480,29.730484856877
1724679000,475.34,29.931913037356
1724765400,476.76,29.859023516936
1724851800,471.35,29.921100229076
1724938200,470.66,29.769125327594
1725024600,476.27,29.735878725294
1725370200,461.81,29.661890404524
1725456600,460.61,29.78051582602
1725543000,461.04,29.900694618742
1725629400,448.69,30.000495663298
1725888600,454.46,29.971661744032
1725975000,458.66,29.878433011811
1726061400,468.62,29.889335931515
1726147800,473.22,29.86480319812
1726234200,475.34,29.942481228852
1726493400,473.24,30.002698510784
1726579800,473.49,30.114144740114
1726666200,471.44,30.022127944206
1726752600,483.36,29.956594969654
1726839000,482.44,29.99769872841
1727098200,483.04,29.906963506332
1727184600,485.37,29.856013250828
1727271000,485.82,29.939252770213
1727357400,489.47,29.746471587379
1727443800,486.75,29.805052989914
1727703000,488.07,29.839962770248
1727789400,481.27,29.732704333066
1727875800,481.95,29.733435040308
1727962200,481.59,29.561038859346
1728048600,487.32,29.547428943144